iso3,name,cat,label
AFG,"Afghanistan",2,Medium - High (20-40%)
AGO,"Angola",1,Low - Medium (10-20%)
ALB,"Albania",3,High (40-80%)
AND,"Andorra",3,High (40-80%)
ARE,"United Arab Emirates",4,Extremely High (>80%)
ARG,"Argentina",0,Low (<10%)
ARM,"Armenia",3,High (40-80%)
AUS,"Australia",2,Medium - High (20-40%)
AUT,"Austria",0,Low (<10%)
AZE,"Azerbaijan",3,High (40-80%)
BDI,"Burundi",0,Low (<10%)
BEL,"Belgium",3,High (40-80%)
BEN,"Benin",0,Low (<10%)
BFA,"Burkina Faso",4,Extremely High (>80%)
BGD,"Bangladesh",0,Low (<10%)
BGR,"Bulgaria",2,Medium - High (20-40%)
BHR,"Bahrain",4,Extremely High (>80%)
BIH,"Bosnia and Herzegovina",1,Low - Medium (10-20%)
BLR,"Belarus",0,Low (<10%)
BLZ,"Belize",0,Low (<10%)
BOL,"Bolivia",0,Low (<10%)
BRA,"Brazil",0,Low (<10%)
BRN,"Brunei",0,Low (<10%)
BTN,"Bhutan",0,Low (<10%)
BWA,"Botswana",4,Extremely High (>80%)
CAF,"Central African Republic",0,Low (<10%)
CAN,"Canada",0,Low (<10%)
CHE,"Switzerland",0,Low (<10%)
CHL,"Chile",2,Medium - High (20-40%)
CHN,"China",2,Medium - High (20-40%)
CIV,"Côte d'Ivoire",0,Low (<10%)
CMR,"Cameroon",0,Low (<10%)
COD,"Democratic Republic of the Congo",0,Low (<10%)
COG,"Republic of Congo",0,Low (<10%)
COL,"Colombia",0,Low (<10%)
CRI,"Costa Rica",0,Low (<10%)
CUB,"Cuba",1,Low - Medium (10-20%)
CYP,"Cyprus",3,High (40-80%)
CZE,"Czech Republic",1,Low - Medium (10-20%)
DEU,"Germany",2,Medium - High (20-40%)
DJI,"Djibouti",3,High (40-80%)
DNK,"Denmark",2,Medium - High (20-40%)
DOM,"Dominican Republic",1,Low - Medium (10-20%)
DZA,"Algeria",3,High (40-80%)
ECU,"Ecuador",0,Low (<10%)
EGY,"Egypt",2,Medium - High (20-40%)
ERI,"Eritrea",4,Extremely High (>80%)
ESP,"Spain",3,High (40-80%)
EST,"Estonia",2,Medium - High (20-40%)
ETH,"Ethiopia",1,Low - Medium (10-20%)
FIN,"Finland",0,Low (<10%)
FRA,"France",2,Medium - High (20-40%)
GAB,"Gabon",0,Low (<10%)
GBR,"United Kingdom",1,Low - Medium (10-20%)
GEO,"Georgia",1,Low - Medium (10-20%)
GHA,"Ghana",0,Low (<10%)
GIN,"Guinea",0,Low (<10%)
GMB,"Gambia",0,Low (<10%)
GNB,"Guinea-Bissau",2,Medium - High (20-40%)
GNQ,"Equatorial Guinea",0,Low (<10%)
GRC,"Greece",3,High (40-80%)
GTM,"Guatemala",1,Low - Medium (10-20%)
GUY,"Guyana",0,Low (<10%)
HND,"Honduras",0,Low (<10%)
HRV,"Croatia",0,Low (<10%)
HTI,"Haiti",1,Low - Medium (10-20%)
HUN,"Hungary",0,Low (<10%)
IDN,"Indonesia",1,Low - Medium (10-20%)
IND,"India",3,High (40-80%)
IRL,"Ireland",0,Low (<10%)
IRN,"Iran",4,Extremely High (>80%)
IRQ,"Iraq",2,Medium - High (20-40%)
ISL,"Iceland",0,Low (<10%)
ISR,"Israel",4,Extremely High (>80%)
ITA,"Italy",3,High (40-80%)
JAM,"Jamaica",0,Low (<10%)
JOR,"Jordan",4,Extremely High (>80%)
JPN,"Japan",1,Low - Medium (10-20%)
KAZ,"Kazakhstan",2,Medium - High (20-40%)
KEN,"Kenya",1,Low - Medium (10-20%)
KGZ,"Kyrgyzstan",3,High (40-80%)
KHM,"Cambodia",0,Low (<10%)
KOR,"South Korea",2,Medium - High (20-40%)
KWT,"Kuwait",4,Extremely High (>80%)
LAO,"Laos",0,Low (<10%)
LBN,"Lebanon",4,Extremely High (>80%)
LBR,"Liberia",0,Low (<10%)
LBY,"Libya",4,Extremely High (>80%)
LIE,"Liechtenstein",0,Low (<10%)
LKA,"Sri Lanka",1,Low - Medium (10-20%)
LSO,"Lesotho",2,Medium - High (20-40%)
LTU,"Lithuania",1,Low - Medium (10-20%)
LUX,"Luxembourg",2,Medium - High (20-40%)
LVA,"Latvia",0,Low (<10%)
MAR,"Morocco",3,High (40-80%)
MDA,"Moldova",1,Low - Medium (10-20%)
MEX,"Mexico",3,High (40-80%)
MKD,"Macedonia",2,Medium - High (20-40%)
MLI,"Mali",0,Low (<10%)
MMR,"Myanmar",0,Low (<10%)
MNE,"Montenegro",0,Low (<10%)
MNG,"Mongolia",2,Medium - High (20-40%)
MOZ,"Mozambique",0,Low (<10%)
MRT,"Mauritania",4,Extremely High (>80%)
MWI,"Malawi",0,Low (<10%)
MYS,"Malaysia",0,Low (<10%)
NAM,"Namibia",3,High (40-80%)
NER,"Niger",2,Medium - High (20-40%)
NGA,"Nigeria",0,Low (<10%)
NIC,"Nicaragua",0,Low (<10%)
NLD,"Netherlands",1,Low - Medium (10-20%)
NOR,"Norway",0,Low (<10%)
NPL,"Nepal",3,High (40-80%)
NZL,"New Zealand",0,Low (<10%)
OMN,"Oman",4,Extremely High (>80%)
PAK,"Pakistan",3,High (40-80%)
PAN,"Panama",0,Low (<10%)
PER,"Peru",1,Low - Medium (10-20%)
PHL,"Philippines",1,Low - Medium (10-20%)
PNG,"Papua New Guinea",0,Low (<10%)
POL,"Poland",1,Low - Medium (10-20%)
PRK,"North Korea",1,Low - Medium (10-20%)
PRT,"Portugal",2,Medium - High (20-40%)
PRY,"Paraguay",0,Low (<10%)
QAT,"Qatar",4,Extremely High (>80%)
ROU,"Romania",2,Medium - High (20-40%)
RUS,"Russia",1,Low - Medium (10-20%)
RWA,"Rwanda",0,Low (<10%)
SAU,"Saudi Arabia",4,Extremely High (>80%)
SDN,"Sudan",2,Medium - High (20-40%)
SEN,"Senegal",3,High (40-80%)
SLE,"Sierra Leone",0,Low (<10%)
SLV,"El Salvador",1,Low - Medium (10-20%)
SMR,"San Marino",4,Extremely High (>80%)
SRB,"Serbia",0,Low (<10%)
SSD,"South Sudan",1,Low - Medium (10-20%)
SUR,"Suriname",0,Low (<10%)
SVK,"Slovakia",0,Low (<10%)
SVN,"Slovenia",0,Low (<10%)
SWE,"Sweden",0,Low (<10%)
SWZ,"Swaziland",1,Low - Medium (10-20%)
SYR,"Syria",2,Medium - High (20-40%)
TCD,"Chad",0,Low (<10%)
TGO,"Togo",0,Low (<10%)
THA,"Thailand",2,Medium - High (20-40%)
TJK,"Tajikistan",3,High (40-80%)
TKM,"Turkmenistan",3,High (40-80%)
TLS,"Timor-Leste",0,Low (<10%)
TUN,"Tunisia",3,High (40-80%)
TUR,"Turkey",3,High (40-80%)
TZA,"Tanzania",0,Low (<10%)
UGA,"Uganda",0,Low (<10%)
UKR,"Ukraine",1,Low - Medium (10-20%)
URY,"Uruguay",0,Low (<10%)
USA,"United States",1,Low - Medium (10-20%)
UZB,"Uzbekistan",3,High (40-80%)
VEN,"Venezuela",1,Low - Medium (10-20%)
VNM,"Vietnam",1,Low - Medium (10-20%)
YEM,"Yemen",4,Extremely High (>80%)
ZAF,"South Africa",2,Medium - High (20-40%)
ZMB,"Zambia",0,Low (<10%)
ZWE,"Zimbabwe",1,Low - Medium (10-20%)
