iso3,name,year,demand_twh,renewable_pct
ABW,Aruba,2010,0.94,11.702
ABW,Aruba,2011,0.93,11.828
ABW,Aruba,2012,0.92,15.217
ABW,Aruba,2013,0.94,15.957
ABW,Aruba,2014,0.94,17.021
ABW,Aruba,2015,0.97,18.557
ABW,Aruba,2016,0.94,14.894
ABW,Aruba,2017,0.97,14.433
ABW,Aruba,2018,0.97,16.495
ABW,Aruba,2019,0.99,17.172
ABW,Aruba,2020,0.99,17.172
ABW,Aruba,2021,1.0,17.0
ABW,Aruba,2022,1.0,17.0
ABW,Aruba,2023,1.0,17.0
ABW,Aruba,2024,1.0,17.0
AFG,Afghanistan,2010,2.75,85.227
AFG,Afghanistan,2011,3.5,77.922
AFG,Afghanistan,2012,3.95,84.091
AFG,Afghanistan,2013,4.73,80.18
AFG,Afghanistan,2014,4.87,86.207
AFG,Afghanistan,2015,4.96,87.288
AFG,Afghanistan,2016,5.54,87.603
AFG,Afghanistan,2017,5.87,86.508
AFG,Afghanistan,2018,6.16,82.906
AFG,Afghanistan,2019,6.37,87.671
AFG,Afghanistan,2020,6.33,89.831
AFG,Afghanistan,2021,6.76,87.736
AFG,Afghanistan,2022,6.84,86.458
AFG,Afghanistan,2023,7.19,86.598
AFG,Afghanistan,2024,6.82,86.869
AGO,Angola,2010,5.46,67.949
AGO,Angola,2011,5.66,71.025
AGO,Angola,2012,7.72,70.984
AGO,Angola,2013,8.15,58.037
AGO,Angola,2014,9.56,52.824
AGO,Angola,2015,9.78,54.601
AGO,Angola,2016,10.98,58.561
AGO,Angola,2017,10.81,71.415
AGO,Angola,2018,13.14,79.452
AGO,Angola,2019,15.82,73.198
AGO,Angola,2020,16.81,75.61
AGO,Angola,2021,16.85,75.43
AGO,Angola,2022,17.31,75.563
AGO,Angola,2023,15.75,74.032
AGO,Angola,2024,15.59,73.701
ALB,Albania,2010,6.62,100.0
ALB,Albania,2011,7.45,98.568
ALB,Albania,2012,7.26,100.0
ALB,Albania,2013,9.28,100.0
ALB,Albania,2014,7.79,100.0
ALB,Albania,2015,7.29,100.0
ALB,Albania,2016,7.74,100.0
ALB,Albania,2017,7.44,100.0
ALB,Albania,2018,7.64,100.0
ALB,Albania,2019,7.61,100.0
ALB,Albania,2020,7.59,100.0
ALB,Albania,2021,8.39,100.0
ALB,Albania,2022,7.89,100.0
ALB,Albania,2023,8.09,100.0
ALB,Albania,2024,8.67,100.0
ARE,United Arab Emirates,2010,93.95,0.021
ARE,United Arab Emirates,2011,99.11,0.02
ARE,United Arab Emirates,2012,106.18,0.019
ARE,United Arab Emirates,2013,109.97,0.082
ARE,United Arab Emirates,2014,116.51,0.266
ARE,United Arab Emirates,2015,127.37,0.236
ARE,United Arab Emirates,2016,130.24,0.247
ARE,United Arab Emirates,2017,134.47,0.557
ARE,United Arab Emirates,2018,135.98,0.882
ARE,United Arab Emirates,2019,138.44,2.644
ARE,United Arab Emirates,2020,137.28,3.772
ARE,United Arab Emirates,2021,149.26,4.193
ARE,United Arab Emirates,2022,155.31,4.986
ARE,United Arab Emirates,2023,167.43,8.757
ARE,United Arab Emirates,2024,177.02,8.812
ARG,Argentina,2010,134.6,27.595
ARG,Argentina,2011,139.16,25.183
ARG,Argentina,2012,143.63,22.783
ARG,Argentina,2013,147.51,24.934
ARG,Argentina,2014,148.4,24.931
ARG,Argentina,2015,154.38,23.676
ARG,Argentina,2016,156.7,21.396
ARG,Argentina,2017,156.07,23.13
ARG,Argentina,2018,156.34,23.995
ARG,Argentina,2019,150.22,24.927
ARG,Argentina,2020,149.35,25.318
ARG,Argentina,2021,155.65,24.185
ARG,Argentina,2022,158.49,29.03
ARG,Argentina,2023,163.9,34.767
ARG,Argentina,2024,161.68,34.385
ARM,Armenia,2010,5.49,40.51
ARM,Armenia,2011,5.88,34.119
ARM,Armenia,2012,6.22,29.412
ARM,Armenia,2013,6.33,28.705
ARM,Armenia,2014,6.42,26.162
ARM,Armenia,2015,6.3,28.874
ARM,Armenia,2016,6.15,32.817
ARM,Armenia,2017,6.41,29.88
ARM,Armenia,2018,6.17,30.435
ARM,Armenia,2019,6.53,32.176
ARM,Armenia,2020,6.63,25.131
ARM,Armenia,2021,7.09,32.254
ARM,Armenia,2022,8.43,34.109
ARM,Armenia,2023,7.51,27.977
ARM,Armenia,2024,7.64,31.894
ASM,American Samoa,2010,0.16,0.0
ASM,American Samoa,2011,0.16,0.0
ASM,American Samoa,2012,0.16,0.0
ASM,American Samoa,2013,0.15,0.0
ASM,American Samoa,2014,0.15,0.0
ASM,American Samoa,2015,0.16,0.0
ASM,American Samoa,2016,0.17,0.0
ASM,American Samoa,2017,0.16,0.0
ASM,American Samoa,2018,0.16,0.0
ASM,American Samoa,2019,0.16,0.0
ASM,American Samoa,2020,0.17,0.0
ASM,American Samoa,2021,0.17,0.0
ASM,American Samoa,2022,0.18,5.556
ASM,American Samoa,2023,0.17,0.0
ASM,American Samoa,2024,0.18,5.556
ATG,Antigua and Barbuda,2010,0.33,0.0
ATG,Antigua and Barbuda,2011,0.33,0.0
ATG,Antigua and Barbuda,2012,0.33,0.0
ATG,Antigua and Barbuda,2013,0.33,0.0
ATG,Antigua and Barbuda,2014,0.34,0.0
ATG,Antigua and Barbuda,2015,0.35,2.857
ATG,Antigua and Barbuda,2016,0.34,0.0
ATG,Antigua and Barbuda,2017,0.35,2.857
ATG,Antigua and Barbuda,2018,0.36,2.778
ATG,Antigua and Barbuda,2019,0.36,2.778
ATG,Antigua and Barbuda,2020,0.35,5.714
ATG,Antigua and Barbuda,2021,0.35,5.714
ATG,Antigua and Barbuda,2022,0.36,5.556
ATG,Antigua and Barbuda,2023,0.36,5.556
ATG,Antigua and Barbuda,2024,0.37,8.108
AUS,Australia,2010,250.97,8.83
AUS,Australia,2011,256.28,11.944
AUS,Australia,2012,250.66,12.076
AUS,Australia,2013,249.56,14.237
AUS,Australia,2014,247.65,13.228
AUS,Australia,2015,253.99,14.095
AUS,Australia,2016,258.23,16.164
AUS,Australia,2017,258.97,15.133
AUS,Australia,2018,262.63,18.844
AUS,Australia,2019,265.9,20.782
AUS,Australia,2020,265.15,24.243
AUS,Australia,2021,267.45,28.891
AUS,Australia,2022,272.92,32.039
AUS,Australia,2023,273.11,34.81
AUS,Australia,2024,281.64,35.077
AUT,Austria,2010,70.26,66.337
AUT,Austria,2011,70.4,65.772
AUT,Austria,2012,71.45,74.771
AUT,Austria,2013,71.82,78.234
AUT,Austria,2014,70.82,81.56
AUT,Austria,2015,71.84,77.031
AUT,Austria,2016,72.03,78.742
AUT,Austria,2017,73.64,76.092
AUT,Austria,2018,73.62,77.408
AUT,Austria,2019,73.82,77.295
AUT,Austria,2020,71.23,80.284
AUT,Austria,2021,74.21,79.121
AUT,Austria,2022,73.17,78.191
AUT,Austria,2023,70.91,84.756
AUT,Austria,2024,71.697,86.226
AZE,Azerbaijan,2010,18.31,18.265
AZE,Azerbaijan,2011,19.59,13.074
AZE,Azerbaijan,2012,22.43,7.836
AZE,Azerbaijan,2013,22.88,6.71
AZE,Azerbaijan,2014,24.26,5.562
AZE,Azerbaijan,2015,24.41,6.96
AZE,Azerbaijan,2016,23.87,8.41
AZE,Azerbaijan,2017,23.05,7.762
AZE,Azerbaijan,2018,23.82,7.76
AZE,Azerbaijan,2019,24.6,6.898
AZE,Azerbaijan,2020,24.74,5.126
AZE,Azerbaijan,2021,26.27,5.47
AZE,Azerbaijan,2022,26.08,6.358
AZE,Azerbaijan,2023,26.06,6.531
AZE,Azerbaijan,2024,26.61,11.746
BDI,Burundi,2010,0.26,87.5
BDI,Burundi,2011,0.25,93.333
BDI,Burundi,2012,0.25,100.0
BDI,Burundi,2013,0.27,88.235
BDI,Burundi,2014,0.27,83.333
BDI,Burundi,2015,0.28,83.333
BDI,Burundi,2016,0.31,88.889
BDI,Burundi,2017,0.37,75.0
BDI,Burundi,2018,0.45,71.429
BDI,Burundi,2019,0.49,69.231
BDI,Burundi,2020,0.46,75.676
BDI,Burundi,2021,0.49,69.231
BDI,Burundi,2022,0.49,69.231
BDI,Burundi,2023,0.6,76.0
BDI,Burundi,2024,0.57,75.51
BEL,Belgium,2010,93.59,7.061
BEL,Belgium,2011,91.82,9.364
BEL,Belgium,2012,91.45,12.894
BEL,Belgium,2013,91.59,14.301
BEL,Belgium,2014,88.8,17.149
BEL,Belgium,2015,89.43,21.102
BEL,Belgium,2016,90.49,16.902
BEL,Belgium,2017,91.36,18.514
BEL,Belgium,2018,91.2,23.23
BEL,Belgium,2019,90.84,20.984
BEL,Belgium,2020,87.96,26.56
BEL,Belgium,2021,91.52,22.887
BEL,Belgium,2022,86.8,25.898
BEL,Belgium,2023,83.77,33.435
BEL,Belgium,2024,86.318,35.205
BEN,Benin,2010,1.05,0.0
BEN,Benin,2011,1.1,0.0
BEN,Benin,2012,1.12,0.0
BEN,Benin,2013,1.22,0.0
BEN,Benin,2014,1.41,0.0
BEN,Benin,2015,1.37,0.0
BEN,Benin,2016,1.36,0.0
BEN,Benin,2017,1.43,0.0
BEN,Benin,2018,1.48,0.0
BEN,Benin,2019,1.63,1.852
BEN,Benin,2020,1.63,1.01
BEN,Benin,2021,1.82,1.77
BEN,Benin,2022,1.82,2.02
BEN,Benin,2023,2.29,3.0
BEN,Benin,2024,2.31,3.96
BFA,Burkina Faso,2010,1.08,22.414
BFA,Burkina Faso,2011,1.05,16.667
BFA,Burkina Faso,2012,1.17,17.188
BFA,Burkina Faso,2013,1.28,16.0
BFA,Burkina Faso,2014,1.37,11.364
BFA,Burkina Faso,2015,1.45,9.901
BFA,Burkina Faso,2016,1.62,16.162
BFA,Burkina Faso,2017,1.77,14.286
BFA,Burkina Faso,2018,2.71,14.439
BFA,Burkina Faso,2019,2.68,16.25
BFA,Burkina Faso,2020,3.02,18.868
BFA,Burkina Faso,2021,3.23,18.129
BFA,Burkina Faso,2022,3.18,15.385
BFA,Burkina Faso,2023,3.27,15.976
BFA,Burkina Faso,2024,3.19,17.16
BGD,Bangladesh,2010,40.86,2.031
BGD,Bangladesh,2011,44.22,2.216
BGD,Bangladesh,2012,48.62,1.872
BGD,Bangladesh,2013,53.34,2.006
BGD,Bangladesh,2014,58.32,1.392
BGD,Bangladesh,2015,62.67,1.349
BGD,Bangladesh,2016,72.91,1.795
BGD,Bangladesh,2017,78.11,1.756
BGD,Bangladesh,2018,83.93,1.769
BGD,Bangladesh,2019,91.9,1.398
BGD,Bangladesh,2020,92.13,1.463
BGD,Bangladesh,2021,103.75,1.411
BGD,Bangladesh,2022,109.96,1.555
BGD,Bangladesh,2023,111.16,1.708
BGD,Bangladesh,2024,111.74,1.887
BGR,Bulgaria,2010,37.48,12.541
BGR,Bulgaria,2011,39.3,7.786
BGR,Bulgaria,2012,38.15,11.3
BGR,Bulgaria,2013,36.84,16.062
BGR,Bulgaria,2014,37.46,15.75
BGR,Bulgaria,2015,38.13,17.963
BGR,Bulgaria,2016,38.16,15.81
BGR,Bulgaria,2017,39.36,13.671
BGR,Bulgaria,2018,38.7,20.168
BGR,Bulgaria,2019,37.91,17.132
BGR,Bulgaria,2020,36.73,18.61
BGR,Bulgaria,2021,38.44,21.834
BGR,Bulgaria,2022,38.09,19.153
BGR,Bulgaria,2023,36.75,25.075
BGR,Bulgaria,2024,37.285,29.876
BHR,Bahrain,2010,23.99,0.0
BHR,Bahrain,2011,24.46,0.0
BHR,Bahrain,2012,24.61,0.0
BHR,Bahrain,2013,25.93,0.0
BHR,Bahrain,2014,27.26,0.037
BHR,Bahrain,2015,28.48,0.035
BHR,Bahrain,2016,28.5,0.035
BHR,Bahrain,2017,29.27,0.034
BHR,Bahrain,2018,29.75,0.034
BHR,Bahrain,2019,33.19,0.06
BHR,Bahrain,2020,33.16,0.06
BHR,Bahrain,2021,33.93,0.118
BHR,Bahrain,2022,35.71,0.224
BHR,Bahrain,2023,37.95,0.24
BHR,Bahrain,2024,38.44,0.264
BHS,Bahamas,2010,2.01,0.0
BHS,Bahamas,2011,2.05,0.0
BHS,Bahamas,2012,1.9,0.0
BHS,Bahamas,2013,1.88,0.0
BHS,Bahamas,2014,1.92,0.0
BHS,Bahamas,2015,2.0,0.0
BHS,Bahamas,2016,1.97,0.0
BHS,Bahamas,2017,1.99,0.0
BHS,Bahamas,2018,2.0,0.0
BHS,Bahamas,2019,2.01,0.0
BHS,Bahamas,2020,2.03,0.493
BHS,Bahamas,2021,2.04,0.49
BHS,Bahamas,2022,2.05,0.976
BHS,Bahamas,2023,2.21,0.905
BHS,Bahamas,2024,2.25,0.889
BIH,Bosnia Herzegovina,2010,13.1,47.431
BIH,Bosnia Herzegovina,2011,13.58,29.131
BIH,Bosnia Herzegovina,2012,13.77,30.051
BIH,Bosnia Herzegovina,2013,13.56,41.971
BIH,Bosnia Herzegovina,2014,14.19,34.88
BIH,Bosnia Herzegovina,2015,14.3,33.78
BIH,Bosnia Herzegovina,2016,13.95,31.677
BIH,Bosnia Herzegovina,2017,14.4,23.522
BIH,Bosnia Herzegovina,2018,14.46,34.347
BIH,Bosnia Herzegovina,2019,13.68,36.682
BIH,Bosnia Herzegovina,2020,12.74,29.184
BIH,Bosnia Herzegovina,2021,13.65,39.001
BIH,Bosnia Herzegovina,2022,13.32,32.049
BIH,Bosnia Herzegovina,2023,12.95,43.073
BIH,Bosnia Herzegovina,2024,12.817,39.693
BLR,Belarus,2010,37.6,0.401
BLR,Belarus,2011,37.78,0.435
BLR,Belarus,2012,38.41,0.682
BLR,Belarus,2013,37.88,0.952
BLR,Belarus,2014,38.06,0.835
BLR,Belarus,2015,36.71,0.997
BLR,Belarus,2016,36.59,1.281
BLR,Belarus,2017,37.1,2.26
BLR,Belarus,2018,38.0,2.077
BLR,Belarus,2019,38.12,2.57
BLR,Belarus,2020,38.04,3.503
BLR,Belarus,2021,40.95,3.079
BLR,Belarus,2022,36.48,3.389
BLR,Belarus,2023,41.43,3.21
BLR,Belarus,2024,45.22,3.077
BLZ,Belize,2010,0.58,88.095
BLZ,Belize,2011,0.5,93.939
BLZ,Belize,2012,0.62,92.105
BLZ,Belize,2013,0.6,94.595
BLZ,Belize,2014,0.59,91.667
BLZ,Belize,2015,0.61,91.667
BLZ,Belize,2016,0.62,94.737
BLZ,Belize,2017,0.63,95.0
BLZ,Belize,2018,0.64,92.683
BLZ,Belize,2019,0.9,86.538
BLZ,Belize,2020,0.71,88.636
BLZ,Belize,2021,0.64,86.111
BLZ,Belize,2022,0.75,87.234
BLZ,Belize,2023,0.73,88.889
BLZ,Belize,2024,0.85,87.234
BOL,Bolivia,2010,6.65,33.684
BOL,Bolivia,2011,7.09,33.992
BOL,Bolivia,2012,7.41,32.524
BOL,Bolivia,2013,7.81,33.803
BOL,Bolivia,2014,8.3,28.675
BOL,Bolivia,2015,9.0,29.444
BOL,Bolivia,2016,9.3,20.753
BOL,Bolivia,2017,9.59,25.13
BOL,Bolivia,2018,10.04,29.582
BOL,Bolivia,2019,10.37,36.162
BOL,Bolivia,2020,10.27,35.638
BOL,Bolivia,2021,10.87,38.454
BOL,Bolivia,2022,11.67,35.733
BOL,Bolivia,2023,12.55,33.307
BOL,Bolivia,2024,13.53,33.999
BRA,Brazil,2010,550.45,84.802
BRA,Brazil,2011,567.65,87.193
BRA,Brazil,2012,592.76,82.563
BRA,Brazil,2013,611.16,76.825
BRA,Brazil,2014,624.33,73.279
BRA,Brazil,2015,615.64,74.208
BRA,Brazil,2016,619.68,80.468
BRA,Brazil,2017,625.67,79.247
BRA,Brazil,2018,636.37,82.358
BRA,Brazil,2019,658.29,81.386
BRA,Brazil,2020,653.48,83.167
BRA,Brazil,2021,679.5,77.372
BRA,Brazil,2022,690.07,87.703
BRA,Brazil,2023,723.23,88.995
BRA,Brazil,2024,757.31,87.333
BRB,Barbados,2010,1.03,0.0
BRB,Barbados,2011,1.04,0.0
BRB,Barbados,2012,1.13,0.0
BRB,Barbados,2013,1.01,0.0
BRB,Barbados,2014,1.03,0.971
BRB,Barbados,2015,1.04,0.962
BRB,Barbados,2016,1.05,1.905
BRB,Barbados,2017,1.04,2.885
BRB,Barbados,2018,1.04,2.885
BRB,Barbados,2019,1.06,3.774
BRB,Barbados,2020,1.06,6.604
BRB,Barbados,2021,1.06,7.547
BRB,Barbados,2022,1.09,7.339
BRB,Barbados,2023,1.1,8.182
BRB,Barbados,2024,1.11,9.009
BRN,Brunei Darussalam,2010,3.79,0.0
BRN,Brunei Darussalam,2011,3.73,0.0
BRN,Brunei Darussalam,2012,3.93,0.0
BRN,Brunei Darussalam,2013,4.4,0.0
BRN,Brunei Darussalam,2014,4.5,0.0
BRN,Brunei Darussalam,2015,4.2,0.0
BRN,Brunei Darussalam,2016,4.27,0.0
BRN,Brunei Darussalam,2017,4.16,0.0
BRN,Brunei Darussalam,2018,4.3,0.0
BRN,Brunei Darussalam,2019,4.93,0.0
BRN,Brunei Darussalam,2020,5.74,0.0
BRN,Brunei Darussalam,2021,5.7,0.0
BRN,Brunei Darussalam,2022,5.6,0.0
BRN,Brunei Darussalam,2023,5.6,0.0
BRN,Brunei Darussalam,2024,5.56,0.18
BTN,Bhutan,2010,1.81,100.0
BTN,Bhutan,2011,1.74,100.0
BTN,Bhutan,2012,1.9,100.0
BTN,Bhutan,2013,2.08,100.0
BTN,Bhutan,2014,2.16,100.0
BTN,Bhutan,2015,2.13,100.0
BTN,Bhutan,2016,2.2,100.0
BTN,Bhutan,2017,2.04,100.0
BTN,Bhutan,2018,2.44,100.0
BTN,Bhutan,2019,2.6,100.0
BTN,Bhutan,2020,6.19,100.0
BTN,Bhutan,2021,11.65,100.0
BTN,Bhutan,2022,11.6,100.0
BTN,Bhutan,2023,11.99,100.0
BTN,Bhutan,2024,12.46,100.0
BWA,Botswana,2010,3.51,0.0
BWA,Botswana,2011,3.62,0.0
BWA,Botswana,2012,3.62,0.0
BWA,Botswana,2013,3.74,0.0
BWA,Botswana,2014,3.99,0.0
BWA,Botswana,2015,4.44,0.0
BWA,Botswana,2016,4.36,0.0
BWA,Botswana,2017,4.24,0.0
BWA,Botswana,2018,3.82,0.322
BWA,Botswana,2019,3.52,0.398
BWA,Botswana,2020,4.23,0.459
BWA,Botswana,2021,4.15,0.402
BWA,Botswana,2022,4.36,0.391
BWA,Botswana,2023,4.74,0.31
BWA,Botswana,2024,4.67,0.292
CAF,Central African Republic,2010,0.16,81.25
CAF,Central African Republic,2011,0.18,83.333
CAF,Central African Republic,2012,0.18,83.333
CAF,Central African Republic,2013,0.14,100.0
CAF,Central African Republic,2014,0.17,100.0
CAF,Central African Republic,2015,0.17,100.0
CAF,Central African Republic,2016,0.17,100.0
CAF,Central African Republic,2017,0.15,100.0
CAF,Central African Republic,2018,0.15,100.0
CAF,Central African Republic,2019,0.15,100.0
CAF,Central African Republic,2020,0.15,100.0
CAF,Central African Republic,2021,0.15,100.0
CAF,Central African Republic,2022,0.14,100.0
CAF,Central African Republic,2023,0.14,100.0
CAN,Canada,2010,582.01,61.063
CAN,Canada,2011,601.59,62.151
CAN,Canada,2012,589.79,63.369
CAN,Canada,2013,603.81,63.365
CAN,Canada,2014,607.36,62.367
CAN,Canada,2015,601.55,63.841
CAN,Canada,2016,603.33,64.565
CAN,Canada,2017,607.11,65.819
CAN,Canada,2018,613.0,65.546
CAN,Canada,2019,608.62,65.382
CAN,Canada,2020,598.25,66.595
CAN,Canada,2021,605.11,66.737
CAN,Canada,2022,612.97,68.135
CAN,Canada,2023,613.63,65.397
CAN,Canada,2024,624.36,64.272
CHE,Switzerland,2010,66.57,56.73
CHE,Switzerland,2011,65.47,54.103
CHE,Switzerland,2012,65.93,59.489
CHE,Switzerland,2013,66.29,59.208
CHE,Switzerland,2014,64.59,58.034
CHE,Switzerland,2015,65.04,62.237
CHE,Switzerland,2016,65.02,61.882
CHE,Switzerland,2017,65.7,62.776
CHE,Switzerland,2018,64.7,58.651
CHE,Switzerland,2019,64.31,59.87
CHE,Switzerland,2020,62.94,62.204
CHE,Switzerland,2021,65.5,66.587
CHE,Switzerland,2022,64.86,58.312
CHE,Switzerland,2023,63.68,63.165
CHE,Switzerland,2024,63.97,67.449
CHL,Chile,2010,61.21,40.199
CHL,Chile,2011,66.38,39.528
CHL,Chile,2012,69.57,36.28
CHL,Chile,2013,72.84,35.695
CHL,Chile,2014,70.17,42.839
CHL,Chile,2015,74.91,43.199
CHL,Chile,2016,78.83,42.89
CHL,Chile,2017,78.89,43.545
CHL,Chile,2018,81.76,45.866
CHL,Chile,2019,83.98,46.213
CHL,Chile,2020,83.58,48.445
CHL,Chile,2021,88.1,48.888
CHL,Chile,2022,91.04,55.327
CHL,Chile,2023,89.23,63.14
CHL,Chile,2024,88.62,70.041
CHN,China,2010,4182.857,18.572
CHN,China,2011,4689.374,16.696
CHN,China,2012,4967.461,19.94
CHN,China,2013,5409.724,19.997
CHN,China,2014,5769.859,22.073
CHN,China,2015,5786.374,23.773
CHN,China,2016,6089.657,24.707
CHN,China,2017,6558.6,25.024
CHN,China,2018,7118.015,25.332
CHN,China,2019,7454.731,26.492
CHN,China,2020,7728.518,27.627
CHN,China,2021,8481.611,28.09
CHN,China,2022,8787.467,29.576
CHN,China,2023,9385.662,30.001
CHN,China,2024,10008.008,33.158
CIV,Cote d'Ivoire,2010,5.6,28.067
CIV,Cote d'Ivoire,2011,5.49,29.934
CIV,Cote d'Ivoire,2012,6.41,26.286
CIV,Cote d'Ivoire,2013,6.81,21.756
CIV,Cote d'Ivoire,2014,7.39,23.7
CIV,Cote d'Ivoire,2015,7.85,16.552
CIV,Cote d'Ivoire,2016,9.02,16.422
CIV,Cote d'Ivoire,2017,8.26,21.245
CIV,Cote d'Ivoire,2018,8.99,29.88
CIV,Cote d'Ivoire,2019,9.57,33.114
CIV,Cote d'Ivoire,2020,10.14,30.551
CIV,Cote d'Ivoire,2021,10.8,23.877
CIV,Cote d'Ivoire,2022,11.85,27.359
CIV,Cote d'Ivoire,2023,10.27,30.146
CIV,Cote d'Ivoire,2024,10.06,28.916
CMR,Cameroon,2010,5.86,73.038
CMR,Cameroon,2011,5.88,75.0
CMR,Cameroon,2012,6.55,78.637
CMR,Cameroon,2013,7.08,69.401
CMR,Cameroon,2014,7.6,64.006
CMR,Cameroon,2015,7.98,54.899
CMR,Cameroon,2016,7.16,61.603
CMR,Cameroon,2017,8.11,63.354
CMR,Cameroon,2018,8.59,58.899
CMR,Cameroon,2019,8.33,61.473
CMR,Cameroon,2020,8.86,60.114
CMR,Cameroon,2021,8.41,62.901
CMR,Cameroon,2022,8.15,64.908
CMR,Cameroon,2023,7.28,73.269
CMR,Cameroon,2024,7.32,73.14
COD,Congo (DRC),2010,7.08,98.851
COD,Congo (DRC),2011,7.69,98.849
COD,Congo (DRC),2012,8.1,99.867
COD,Congo (DRC),2013,8.74,99.877
COD,Congo (DRC),2014,9.81,99.886
COD,Congo (DRC),2015,9.9,99.887
COD,Congo (DRC),2016,9.73,99.889
COD,Congo (DRC),2017,10.15,99.894
COD,Congo (DRC),2018,11.19,99.904
COD,Congo (DRC),2019,12.71,99.915
COD,Congo (DRC),2020,13.63,99.92
COD,Congo (DRC),2021,15.6,100.0
COD,Congo (DRC),2022,16.64,100.0
COD,Congo (DRC),2023,17.07,100.0
COD,Congo (DRC),2024,17.36,100.0
COG,Congo,2010,1.09,56.79
COG,Congo,2011,1.34,61.832
COG,Congo,2012,1.75,58.721
COG,Congo,2013,1.77,57.225
COG,Congo,2014,1.76,55.114
COG,Congo,2015,2.77,40.143
COG,Congo,2016,2.97,38.721
COG,Congo,2017,2.98,40.94
COG,Congo,2018,3.08,35.065
COG,Congo,2019,3.87,27.763
COG,Congo,2020,4.01,26.933
COG,Congo,2021,4.11,26.277
COG,Congo,2022,4.95,21.818
COG,Congo,2023,5.31,23.507
COG,Congo,2024,5.38,20.879
COK,Cook Islands (the),2010,0.03,0.0
COK,Cook Islands (the),2011,0.03,0.0
COK,Cook Islands (the),2012,0.03,0.0
COK,Cook Islands (the),2013,0.03,0.0
COK,Cook Islands (the),2014,0.03,0.0
COK,Cook Islands (the),2015,0.03,0.0
COK,Cook Islands (the),2016,0.03,0.0
COK,Cook Islands (the),2017,0.04,25.0
COK,Cook Islands (the),2018,0.05,40.0
COK,Cook Islands (the),2019,0.04,25.0
COK,Cook Islands (the),2020,0.04,25.0
COK,Cook Islands (the),2021,0.04,50.0
COK,Cook Islands (the),2022,0.04,50.0
COK,Cook Islands (the),2023,0.04,50.0
COK,Cook Islands (the),2024,0.04,50.0
COL,Colombia,2010,59.44,70.513
COL,Colombia,2011,60.17,81.75
COL,Colombia,2012,62.35,77.894
COL,Colombia,2013,72.16,69.215
COL,Colombia,2014,69.66,69.089
COL,Colombia,2015,77.56,63.345
COL,Colombia,2016,76.5,65.616
COL,Colombia,2017,78.54,79.1
COL,Colombia,2018,78.32,76.333
COL,Colombia,2019,79.09,69.485
COL,Colombia,2020,78.8,65.325
COL,Colombia,2021,84.48,75.071
COL,Colombia,2022,83.29,74.354
COL,Colombia,2023,84.33,66.121
COL,Colombia,2024,88.62,61.342
COM,Comoros,2010,0.06,0.0
COM,Comoros,2011,0.06,0.0
COM,Comoros,2012,0.06,0.0
COM,Comoros,2013,0.06,0.0
COM,Comoros,2014,0.05,0.0
COM,Comoros,2015,0.05,0.0
COM,Comoros,2016,0.06,0.0
COM,Comoros,2017,0.09,0.0
COM,Comoros,2018,0.1,0.0
COM,Comoros,2019,0.11,0.0
COM,Comoros,2020,0.13,0.0
COM,Comoros,2021,0.13,0.0
COM,Comoros,2022,0.14,0.0
COM,Comoros,2023,0.14,0.0
CPV,Cabo Verde,2010,0.34,0.0
CPV,Cabo Verde,2011,0.37,8.108
CPV,Cabo Verde,2012,0.38,18.421
CPV,Cabo Verde,2013,0.41,21.951
CPV,Cabo Verde,2014,0.43,20.93
CPV,Cabo Verde,2015,0.43,20.93
CPV,Cabo Verde,2016,0.45,20.0
CPV,Cabo Verde,2017,0.43,18.605
CPV,Cabo Verde,2018,0.43,20.93
CPV,Cabo Verde,2019,0.44,18.182
CPV,Cabo Verde,2020,0.42,16.667
CPV,Cabo Verde,2021,0.43,18.605
CPV,Cabo Verde,2022,0.5,28.0
CPV,Cabo Verde,2023,0.5,28.0
CPV,Cabo Verde,2024,0.52,30.769
CRI,Costa Rica,2010,9.54,93.27
CRI,Costa Rica,2011,9.71,91.179
CRI,Costa Rica,2012,10.13,91.79
CRI,Costa Rica,2013,10.24,88.224
CRI,Costa Rica,2014,10.37,89.774
CRI,Costa Rica,2015,10.66,98.979
CRI,Costa Rica,2016,11.04,98.25
CRI,Costa Rica,2017,11.08,99.645
CRI,Costa Rica,2018,11.2,98.601
CRI,Costa Rica,2019,11.44,99.124
CRI,Costa Rica,2020,11.21,99.829
CRI,Costa Rica,2021,11.73,100.0
CRI,Costa Rica,2022,11.72,100.0
CRI,Costa Rica,2023,12.07,99.915
CRI,Costa Rica,2024,11.22,99.909
CUB,Cuba,2010,17.4,3.276
CUB,Cuba,2011,17.75,3.211
CUB,Cuba,2012,18.43,3.744
CUB,Cuba,2013,19.25,4.883
CUB,Cuba,2014,19.43,4.375
CUB,Cuba,2015,20.39,4.414
CUB,Cuba,2016,20.55,4.428
CUB,Cuba,2017,20.57,3.889
CUB,Cuba,2018,20.8,3.462
CUB,Cuba,2019,20.7,4.3
CUB,Cuba,2020,19.03,4.729
CUB,Cuba,2021,17.83,4.431
CUB,Cuba,2022,15.65,4.281
CUB,Cuba,2023,19.74,3.647
CUB,Cuba,2024,19.43,4.014
CYM,Cayman Islands,2010,0.62,0.0
CYM,Cayman Islands,2011,0.63,0.0
CYM,Cayman Islands,2012,0.61,0.0
CYM,Cayman Islands,2013,0.62,0.0
CYM,Cayman Islands,2014,0.62,0.0
CYM,Cayman Islands,2015,0.64,0.0
CYM,Cayman Islands,2016,0.67,0.0
CYM,Cayman Islands,2017,0.68,1.471
CYM,Cayman Islands,2018,0.67,1.493
CYM,Cayman Islands,2019,0.72,2.778
CYM,Cayman Islands,2020,0.69,2.899
CYM,Cayman Islands,2021,0.7,2.857
CYM,Cayman Islands,2022,0.7,2.857
CYM,Cayman Islands,2023,0.7,2.857
CYM,Cayman Islands,2024,0.71,4.225
CYP,Cyprus,2010,5.33,1.501
CYP,Cyprus,2011,4.92,3.455
CYP,Cyprus,2012,4.72,5.508
CYP,Cyprus,2013,4.29,7.692
CYP,Cyprus,2014,4.34,7.143
CYP,Cyprus,2015,4.54,8.811
CYP,Cyprus,2016,4.89,8.793
CYP,Cyprus,2017,5.0,8.6
CYP,Cyprus,2018,5.06,9.486
CYP,Cyprus,2019,5.15,10.097
CYP,Cyprus,2020,4.85,12.371
CYP,Cyprus,2021,5.12,15.234
CYP,Cyprus,2022,5.26,16.73
CYP,Cyprus,2023,5.33,20.45
CYP,Cyprus,2024,5.776,23.823
CZE,Czechia,2010,70.27,6.935
CZE,Czechia,2011,69.6,8.356
CZE,Czechia,2012,69.46,9.321
CZE,Czechia,2013,69.02,10.825
CZE,Czechia,2014,68.68,10.791
CZE,Czechia,2015,69.98,11.407
CZE,Czechia,2016,71.03,11.451
CZE,Czechia,2017,72.72,11.229
CZE,Czechia,2018,72.93,10.859
CZE,Czechia,2019,72.62,11.736
CZE,Czechia,2020,69.95,12.909
CZE,Czechia,2021,72.58,12.718
CZE,Czechia,2022,70.2,12.863
CZE,Czechia,2023,66.62,14.697
CZE,Czechia,2024,66.168,16.914
DEU,Germany,2010,609.26,16.887
DEU,Germany,2011,601.23,20.567
DEU,Germany,2012,599.27,23.136
DEU,Germany,2013,597.5,24.131
DEU,Germany,2014,584.87,26.171
DEU,Germany,2015,590.89,29.435
DEU,Germany,2016,591.0,29.482
DEU,Germany,2017,592.0,33.467
DEU,Germany,2018,583.54,35.258
DEU,Germany,2019,567.42,40.189
DEU,Germany,2020,547.72,44.374
DEU,Germany,2021,560.25,40.167
DEU,Germany,2022,539.62,44.373
DEU,Germany,2023,515.94,54.685
DEU,Germany,2024,518.089,58.292
DJI,Djibouti,2010,0.38,0.0
DJI,Djibouti,2011,0.39,0.0
DJI,Djibouti,2012,0.39,0.0
DJI,Djibouti,2013,0.43,0.0
DJI,Djibouti,2014,0.44,0.0
DJI,Djibouti,2015,0.49,0.0
DJI,Djibouti,2016,0.54,0.0
DJI,Djibouti,2017,0.57,0.0
DJI,Djibouti,2018,0.58,0.0
DJI,Djibouti,2019,0.6,0.0
DJI,Djibouti,2020,0.63,0.0
DJI,Djibouti,2021,0.71,35.0
DJI,Djibouti,2022,0.71,35.0
DJI,Djibouti,2023,0.71,35.0
DJI,Djibouti,2024,0.8,35.0
DMA,Dominica,2010,0.14,14.286
DMA,Dominica,2011,0.15,26.667
DMA,Dominica,2012,0.15,20.0
DMA,Dominica,2013,0.15,26.667
DMA,Dominica,2014,0.15,20.0
DMA,Dominica,2015,0.15,13.333
DMA,Dominica,2016,0.16,25.0
DMA,Dominica,2017,0.13,23.077
DMA,Dominica,2018,0.11,18.182
DMA,Dominica,2019,0.14,14.286
DMA,Dominica,2020,0.14,14.286
DMA,Dominica,2021,0.14,14.286
DMA,Dominica,2022,0.15,13.333
DMA,Dominica,2023,0.15,13.333
DNK,Denmark,2010,37.61,32.077
DNK,Denmark,2011,36.43,40.359
DNK,Denmark,2012,35.78,48.544
DNK,Denmark,2013,35.69,46.114
DNK,Denmark,2014,34.89,56.149
DNK,Denmark,2015,34.69,65.775
DNK,Denmark,2016,35.46,60.493
DNK,Denmark,2017,35.46,70.55
DNK,Denmark,2018,35.43,68.686
DNK,Denmark,2019,35.18,78.55
DNK,Denmark,2020,35.46,82.05
DNK,Denmark,2021,37.79,79.283
DNK,Denmark,2022,36.52,80.859
DNK,Denmark,2023,37.02,86.397
DNK,Denmark,2024,38.908,89.233
DOM,Dominican Republic,2010,14.78,10.758
DOM,Dominican Republic,2011,15.76,10.787
DOM,Dominican Republic,2012,16.9,12.13
DOM,Dominican Republic,2013,17.72,13.036
DOM,Dominican Republic,2014,17.28,10.127
DOM,Dominican Republic,2015,18.0,7.889
DOM,Dominican Republic,2016,18.78,11.076
DOM,Dominican Republic,2017,19.2,15.833
DOM,Dominican Republic,2018,19.6,13.776
DOM,Dominican Republic,2019,21.28,12.547
DOM,Dominican Republic,2020,19.49,16.162
DOM,Dominican Republic,2021,21.43,17.779
DOM,Dominican Republic,2022,22.17,18.448
DOM,Dominican Republic,2023,24.56,17.264
DOM,Dominican Republic,2024,24.03,18.851
DZA,Algeria,2010,45.66,0.372
DZA,Algeria,2011,51.08,0.976
DZA,Algeria,2012,57.35,1.08
DZA,Algeria,2013,59.8,0.551
DZA,Algeria,2014,64.08,0.389
DZA,Algeria,2015,68.81,0.32
DZA,Algeria,2016,70.79,0.479
DZA,Algeria,2017,75.73,0.841
DZA,Algeria,2018,76.66,1.068
DZA,Algeria,2019,81.47,1.066
DZA,Algeria,2020,79.31,1.109
DZA,Algeria,2021,84.45,0.946
DZA,Algeria,2022,88.9,0.94
DZA,Algeria,2023,93.44,0.949
DZA,Algeria,2024,93.84,1.069
ECU,Ecuador,2010,20.28,44.13
ECU,Ecuador,2011,21.71,53.989
ECU,Ecuador,2012,22.96,53.41
ECU,Ecuador,2013,23.79,47.625
ECU,Ecuador,2014,24.98,47.54
ECU,Ecuador,2015,26.3,51.103
ECU,Ecuador,2016,26.84,59.978
ECU,Ecuador,2017,27.64,73.518
ECU,Ecuador,2018,29.08,71.912
ECU,Ecuador,2019,30.63,77.781
ECU,Ecuador,2020,30.2,79.642
ECU,Ecuador,2021,31.96,81.196
ECU,Ecuador,2022,33.33,76.013
ECU,Ecuador,2023,36.6,73.618
ECU,Ecuador,2024,33.36,72.443
EGY,Egypt,2010,142.99,9.963
EGY,Egypt,2011,147.98,9.842
EGY,Egypt,2012,162.44,9.132
EGY,Egypt,2013,164.68,8.996
EGY,Egypt,2014,170.56,8.619
EGY,Egypt,2015,181.14,8.585
EGY,Egypt,2016,187.92,8.412
EGY,Egypt,2017,192.87,8.022
EGY,Egypt,2018,198.82,8.255
EGY,Egypt,2019,199.78,9.767
EGY,Egypt,2020,197.18,11.964
EGY,Egypt,2021,208.19,12.096
EGY,Egypt,2022,215.15,11.817
EGY,Egypt,2023,220.53,11.702
EGY,Egypt,2024,235.99,11.197
ERI,Eritrea,2010,0.31,0.0
ERI,Eritrea,2011,0.32,0.0
ERI,Eritrea,2012,0.32,0.0
ERI,Eritrea,2013,0.27,0.0
ERI,Eritrea,2014,0.27,0.0
ERI,Eritrea,2015,0.26,0.0
ERI,Eritrea,2016,0.27,0.0
ERI,Eritrea,2017,0.34,2.941
ERI,Eritrea,2018,0.39,12.821
ERI,Eritrea,2019,0.4,12.5
ERI,Eritrea,2020,0.41,12.195
ERI,Eritrea,2021,0.42,11.905
ERI,Eritrea,2022,0.44,11.364
ERI,Eritrea,2023,0.49,10.204
ERI,Eritrea,2024,0.45,11.111
ESP,Spain,2010,289.47,32.831
ESP,Spain,2011,285.45,30.023
ESP,Spain,2012,282.75,29.587
ESP,Spain,2013,274.71,39.583
ESP,Spain,2014,271.03,40.176
ESP,Spain,2015,277.04,35.025
ESP,Spain,2016,278.37,38.652
ESP,Spain,2017,281.55,32.282
ESP,Spain,2018,282.5,38.272
ESP,Spain,2019,277.38,37.332
ESP,Spain,2020,262.75,43.855
ESP,Spain,2021,271.6,46.445
ESP,Spain,2022,267.35,42.803
ESP,Spain,2023,265.15,51.514
ESP,Spain,2024,270.692,57.333
EST,Estonia,2010,9.72,8.096
EST,Estonia,2011,9.33,9.154
EST,Estonia,2012,9.72,12.291
EST,Estonia,2013,9.69,9.262
EST,Estonia,2014,9.7,11.165
EST,Estonia,2015,9.23,15.369
EST,Estonia,2016,10.13,13.065
EST,Estonia,2017,10.43,14.134
EST,Estonia,2018,10.47,16.087
EST,Estonia,2019,9.77,28.121
EST,Estonia,2020,9.72,48.849
EST,Estonia,2021,9.82,39.917
EST,Estonia,2022,9.95,31.991
EST,Estonia,2023,9.04,48.78
EST,Estonia,2024,9.167,55.659
ETH,Ethiopia,2010,5.01,99.002
ETH,Ethiopia,2011,6.01,99.211
ETH,Ethiopia,2012,7.01,99.736
ETH,Ethiopia,2013,8.03,99.885
ETH,Ethiopia,2014,8.71,100.0
ETH,Ethiopia,2015,9.69,100.0
ETH,Ethiopia,2016,11.17,100.0
ETH,Ethiopia,2017,11.69,100.0
ETH,Ethiopia,2018,13.23,100.0
ETH,Ethiopia,2019,14.17,99.935
ETH,Ethiopia,2020,13.98,99.936
ETH,Ethiopia,2021,14.12,100.0
ETH,Ethiopia,2022,15.66,100.0
ETH,Ethiopia,2023,15.99,100.0
ETH,Ethiopia,2024,23.44,100.0
FIN,Finland,2010,91.14,29.985
FIN,Finland,2011,87.35,32.898
FIN,Finland,2012,87.85,40.562
FIN,Finland,2013,86.97,35.967
FIN,Finland,2014,86.07,38.59
FIN,Finland,2015,84.95,44.498
FIN,Finland,2016,87.7,44.233
FIN,Finland,2017,87.95,46.608
FIN,Finland,2018,90.17,45.764
FIN,Finland,2019,88.65,46.466
FIN,Finland,2020,84.34,51.892
FIN,Finland,2021,89.88,52.947
FIN,Finland,2022,84.69,53.568
FIN,Finland,2023,83.24,51.889
FIN,Finland,2024,85.58,55.777
FJI,Fiji,2010,0.88,52.273
FJI,Fiji,2011,0.85,57.647
FJI,Fiji,2012,0.86,66.279
FJI,Fiji,2013,0.88,63.636
FJI,Fiji,2014,0.91,48.352
FJI,Fiji,2015,0.93,48.387
FJI,Fiji,2016,0.95,54.737
FJI,Fiji,2017,1.02,50.0
FJI,Fiji,2018,1.1,59.091
FJI,Fiji,2019,1.14,57.895
FJI,Fiji,2020,1.08,62.963
FJI,Fiji,2021,1.06,62.264
FJI,Fiji,2022,1.07,60.748
FJI,Fiji,2023,1.15,63.478
FJI,Fiji,2024,1.15,63.478
FLK,Falkland Islands (Malvinas),2010,0.01,0.0
FLK,Falkland Islands (Malvinas),2011,0.02,50.0
FLK,Falkland Islands (Malvinas),2012,0.02,50.0
FLK,Falkland Islands (Malvinas),2013,0.02,50.0
FLK,Falkland Islands (Malvinas),2014,0.02,50.0
FLK,Falkland Islands (Malvinas),2015,0.02,50.0
FLK,Falkland Islands (Malvinas),2016,0.02,50.0
FLK,Falkland Islands (Malvinas),2017,0.01,0.0
FLK,Falkland Islands (Malvinas),2018,0.01,0.0
FLK,Falkland Islands (Malvinas),2019,0.01,0.0
FLK,Falkland Islands (Malvinas),2020,0.01,0.0
FLK,Falkland Islands (Malvinas),2021,0.01,0.0
FLK,Falkland Islands (Malvinas),2022,0.01,0.0
FLK,Falkland Islands (Malvinas),2023,0.01,0.0
FRA,France,2010,531.65,13.635
FRA,France,2011,511.25,11.63
FRA,France,2012,523.07,15.02
FRA,France,2013,528.29,17.24
FRA,France,2014,499.12,16.604
FRA,France,2015,510.09,15.996
FRA,France,2016,517.34,17.715
FRA,France,2017,515.61,16.538
FRA,France,2018,513.27,19.757
FRA,France,2019,507.85,19.964
FRA,France,2020,482.21,23.714
FRA,France,2021,505.42,22.187
FRA,France,2022,483.31,24.188
FRA,France,2023,468.28,26.89
FRA,France,2024,474.513,27.526
FRO,Faroe Islands,2010,0.28,28.571
FRO,Faroe Islands,2011,0.27,37.037
FRO,Faroe Islands,2012,0.29,37.931
FRO,Faroe Islands,2013,0.29,37.931
FRO,Faroe Islands,2014,0.31,51.613
FRO,Faroe Islands,2015,0.32,59.375
FRO,Faroe Islands,2016,0.31,48.387
FRO,Faroe Islands,2017,0.33,51.515
FRO,Faroe Islands,2018,0.35,48.571
FRO,Faroe Islands,2019,0.38,39.474
FRO,Faroe Islands,2020,0.41,39.024
FRO,Faroe Islands,2021,0.43,39.535
FRO,Faroe Islands,2022,0.48,45.833
FRO,Faroe Islands,2023,0.49,46.939
GAB,Gabon,2010,1.93,47.15
GAB,Gabon,2011,2.03,41.379
GAB,Gabon,2012,2.16,42.13
GAB,Gabon,2013,2.27,44.976
GAB,Gabon,2014,2.38,40.201
GAB,Gabon,2015,2.46,43.396
GAB,Gabon,2016,2.54,37.9
GAB,Gabon,2017,2.7,41.964
GAB,Gabon,2018,3.29,47.122
GAB,Gabon,2019,3.37,46.479
GAB,Gabon,2020,3.47,48.805
GAB,Gabon,2021,3.49,46.622
GAB,Gabon,2022,3.73,47.962
GAB,Gabon,2023,3.17,35.521
GAB,Gabon,2024,3.18,35.385
GBR,United Kingdom,2010,384.72,6.852
GBR,United Kingdom,2011,374.19,9.566
GBR,United Kingdom,2012,375.73,11.334
GBR,United Kingdom,2013,372.71,14.852
GBR,United Kingdom,2014,358.6,19.081
GBR,United Kingdom,2015,359.98,24.599
GBR,United Kingdom,2016,356.93,24.474
GBR,United Kingdom,2017,352.98,29.238
GBR,United Kingdom,2018,352.87,33.0
GBR,United Kingdom,2019,348.36,36.596
GBR,United Kingdom,2020,324.459,43.065
GBR,United Kingdom,2021,325.605,39.782
GBR,United Kingdom,2022,325.677,41.611
GBR,United Kingdom,2023,308.297,46.378
GBR,United Kingdom,2024,306.446,50.648
GEO,Georgia,2010,8.69,93.166
GEO,Georgia,2011,9.57,77.944
GEO,Georgia,2012,9.71,74.324
GEO,Georgia,2013,10.01,82.064
GEO,Georgia,2014,10.54,80.175
GEO,Georgia,2015,10.79,77.86
GEO,Georgia,2016,11.41,80.505
GEO,Georgia,2017,12.25,80.507
GEO,Georgia,2018,12.96,82.475
GEO,Georgia,2019,13.24,76.054
GEO,Georgia,2020,12.62,74.731
GEO,Georgia,2021,14.26,81.171
GEO,Georgia,2022,14.81,76.211
GEO,Georgia,2023,13.75,76.091
GEO,Georgia,2024,14.11,79.828
GHA,Ghana,2010,9.19,68.676
GHA,Ghana,2011,10.7,66.401
GHA,Ghana,2012,11.61,65.926
GHA,Ghana,2013,12.49,62.895
GHA,Ghana,2014,12.61,63.609
GHA,Ghana,2015,11.28,49.914
GHA,Ghana,2016,13.73,42.217
GHA,Ghana,2017,13.35,42.632
GHA,Ghana,2018,14.31,40.711
GHA,Ghana,2019,16.0,42.312
GHA,Ghana,2020,17.99,37.354
GHA,Ghana,2021,20.39,34.783
GHA,Ghana,2022,21.05,36.047
GHA,Ghana,2023,21.85,38.519
GHA,Ghana,2024,21.83,36.218
GIN,Guinea,2010,0.63,76.19
GIN,Guinea,2011,0.55,74.545
GIN,Guinea,2012,0.73,67.123
GIN,Guinea,2013,0.65,73.846
GIN,Guinea,2014,0.71,59.155
GIN,Guinea,2015,1.14,78.947
GIN,Guinea,2016,1.61,68.323
GIN,Guinea,2017,1.77,69.492
GIN,Guinea,2018,1.94,62.371
GIN,Guinea,2019,2.05,63.902
GIN,Guinea,2020,2.48,60.887
GIN,Guinea,2021,3.64,73.077
GIN,Guinea,2022,4.0,74.5
GIN,Guinea,2023,4.0,74.5
GIN,Guinea,2024,4.03,75.186
GLP,Guadeloupe,2010,1.73,8.671
GLP,Guadeloupe,2011,1.68,11.905
GLP,Guadeloupe,2012,1.72,15.116
GLP,Guadeloupe,2013,1.74,17.816
GLP,Guadeloupe,2014,1.74,18.391
GLP,Guadeloupe,2015,1.76,17.614
GLP,Guadeloupe,2016,1.77,16.949
GLP,Guadeloupe,2017,1.76,20.455
GLP,Guadeloupe,2018,1.71,21.637
GLP,Guadeloupe,2019,1.72,21.512
GLP,Guadeloupe,2020,1.7,24.118
GLP,Guadeloupe,2021,1.66,33.735
GLP,Guadeloupe,2022,1.64,34.756
GLP,Guadeloupe,2023,1.67,35.329
GMB,Gambia,2010,0.25,0.0
GMB,Gambia,2011,0.25,0.0
GMB,Gambia,2012,0.25,0.0
GMB,Gambia,2013,0.25,0.0
GMB,Gambia,2014,0.25,0.0
GMB,Gambia,2015,0.28,0.0
GMB,Gambia,2016,0.3,0.0
GMB,Gambia,2017,0.31,0.0
GMB,Gambia,2018,0.39,0.0
GMB,Gambia,2019,0.46,0.0
GMB,Gambia,2020,0.48,0.0
GMB,Gambia,2021,0.5,0.0
GMB,Gambia,2022,0.51,0.0
GMB,Gambia,2023,0.51,0.0
GMB,Gambia,2024,0.51,0.0
GNB,Guinea-Bissau,2010,0.03,0.0
GNB,Guinea-Bissau,2011,0.03,0.0
GNB,Guinea-Bissau,2012,0.03,0.0
GNB,Guinea-Bissau,2013,0.02,0.0
GNB,Guinea-Bissau,2014,0.03,0.0
GNB,Guinea-Bissau,2015,0.06,0.0
GNB,Guinea-Bissau,2016,0.08,0.0
GNB,Guinea-Bissau,2017,0.08,0.0
GNB,Guinea-Bissau,2018,0.08,0.0
GNB,Guinea-Bissau,2019,0.08,0.0
GNB,Guinea-Bissau,2020,0.08,0.0
GNB,Guinea-Bissau,2021,0.08,0.0
GNB,Guinea-Bissau,2022,0.08,0.0
GNB,Guinea-Bissau,2023,0.08,0.0
GNB,Guinea-Bissau,2024,0.08,0.0
GNQ,Equatorial Guinea,2010,0.22,13.636
GNQ,Equatorial Guinea,2011,0.3,10.0
GNQ,Equatorial Guinea,2012,0.54,14.815
GNQ,Equatorial Guinea,2013,0.85,29.412
GNQ,Equatorial Guinea,2014,1.09,34.862
GNQ,Equatorial Guinea,2015,1.3,36.154
GNQ,Equatorial Guinea,2016,1.4,33.571
GNQ,Equatorial Guinea,2017,1.34,32.836
GNQ,Equatorial Guinea,2018,1.35,32.593
GNQ,Equatorial Guinea,2019,1.4,32.143
GNQ,Equatorial Guinea,2020,1.41,34.752
GNQ,Equatorial Guinea,2021,1.43,32.867
GNQ,Equatorial Guinea,2022,1.51,31.788
GNQ,Equatorial Guinea,2023,1.43,24.476
GNQ,Equatorial Guinea,2024,1.49,26.846
GRC,Greece,2010,62.32,18.601
GRC,Greece,2011,61.68,13.944
GRC,Greece,2012,61.69,16.909
GRC,Greece,2013,58.26,25.475
GRC,Greece,2014,58.44,24.547
GRC,Greece,2015,60.66,29.089
GRC,Greece,2016,62.64,27.656
GRC,Greece,2017,61.04,25.182
GRC,Greece,2018,58.89,30.679
GRC,Greece,2019,57.89,33.577
GRC,Greece,2020,56.37,36.94
GRC,Greece,2021,57.92,40.8
GRC,Greece,2022,55.12,43.449
GRC,Greece,2023,53.84,49.826
GRC,Greece,2024,56.771,49.23
GRD,Grenada,2010,0.21,0.0
GRD,Grenada,2011,0.2,0.0
GRD,Grenada,2012,0.2,0.0
GRD,Grenada,2013,0.2,0.0
GRD,Grenada,2014,0.2,0.0
GRD,Grenada,2015,0.21,0.0
GRD,Grenada,2016,0.22,0.0
GRD,Grenada,2017,0.23,0.0
GRD,Grenada,2018,0.23,0.0
GRD,Grenada,2019,0.24,0.0
GRD,Grenada,2020,0.22,0.0
GRD,Grenada,2021,0.23,0.0
GRD,Grenada,2022,0.24,0.0
GRD,Grenada,2023,0.24,0.0
GRD,Grenada,2024,0.24,0.0
GRL,Greenland,2010,0.41,70.732
GRL,Greenland,2011,0.45,75.556
GRL,Greenland,2012,0.45,75.556
GRL,Greenland,2013,0.46,80.435
GRL,Greenland,2014,0.48,81.25
GRL,Greenland,2015,0.51,82.353
GRL,Greenland,2016,0.48,83.333
GRL,Greenland,2017,0.5,76.0
GRL,Greenland,2018,0.52,80.769
GRL,Greenland,2019,0.49,83.673
GRL,Greenland,2020,0.52,82.692
GRL,Greenland,2021,0.51,84.314
GRL,Greenland,2022,0.54,87.037
GRL,Greenland,2023,0.61,81.967
GRL,Greenland,2024,0.6,83.333
GTM,Guatemala,2010,9.06,63.688
GTM,Guatemala,2011,9.09,62.671
GTM,Guatemala,2012,9.39,66.667
GTM,Guatemala,2013,9.8,67.589
GTM,Guatemala,2014,10.14,68.421
GTM,Guatemala,2015,10.67,61.146
GTM,Guatemala,2016,11.27,61.804
GTM,Guatemala,2017,11.37,68.639
GTM,Guatemala,2018,11.58,66.113
GTM,Guatemala,2019,11.65,63.858
GTM,Guatemala,2020,12.35,75.765
GTM,Guatemala,2021,15.5,73.497
GTM,Guatemala,2022,13.86,84.644
GTM,Guatemala,2023,15.79,67.27
GTM,Guatemala,2024,16.35,68.334
GUF,French Guiana,2010,0.83,56.627
GUF,French Guiana,2011,0.83,61.446
GUF,French Guiana,2012,0.89,69.663
GUF,French Guiana,2013,0.89,60.674
GUF,French Guiana,2014,0.92,60.87
GUF,French Guiana,2015,0.93,59.14
GUF,French Guiana,2016,0.91,54.945
GUF,French Guiana,2017,0.92,67.391
GUF,French Guiana,2018,0.93,64.516
GUF,French Guiana,2019,0.95,49.474
GUF,French Guiana,2020,0.95,52.632
GUF,French Guiana,2021,0.97,70.103
GUF,French Guiana,2022,0.95,71.579
GUF,French Guiana,2023,0.98,65.306
GUM,Guam,2010,1.87,0.0
GUM,Guam,2011,1.84,0.0
GUM,Guam,2012,1.78,0.0
GUM,Guam,2013,1.74,0.0
GUM,Guam,2014,1.7,0.0
GUM,Guam,2015,1.71,1.754
GUM,Guam,2016,1.74,4.023
GUM,Guam,2017,1.77,3.39
GUM,Guam,2018,1.73,4.046
GUM,Guam,2019,1.75,4.571
GUM,Guam,2020,1.71,4.678
GUM,Guam,2021,1.74,4.598
GUM,Guam,2022,1.8,7.778
GUM,Guam,2023,1.8,7.778
GUM,Guam,2024,1.86,8.602
GUY,Guyana,2010,0.9,4.444
GUY,Guyana,2011,0.95,5.263
GUY,Guyana,2012,0.96,4.167
GUY,Guyana,2013,0.98,4.082
GUY,Guyana,2014,1.0,4.0
GUY,Guyana,2015,1.01,3.96
GUY,Guyana,2016,1.1,3.636
GUY,Guyana,2017,1.12,3.571
GUY,Guyana,2018,1.14,2.632
GUY,Guyana,2019,1.15,3.478
GUY,Guyana,2020,1.14,2.632
GUY,Guyana,2021,1.14,3.509
GUY,Guyana,2022,1.28,2.344
GUY,Guyana,2023,1.38,2.899
GUY,Guyana,2024,1.38,2.899
HKG,Hong Kong (SAR of China),2010,46.67,0.105
HKG,Hong Kong (SAR of China),2011,47.35,0.103
HKG,Hong Kong (SAR of China),2012,48.5,0.104
HKG,Hong Kong (SAR of China),2013,48.07,0.103
HKG,Hong Kong (SAR of China),2014,48.8,0.101
HKG,Hong Kong (SAR of China),2015,48.42,0.185
HKG,Hong Kong (SAR of China),2016,48.54,0.367
HKG,Hong Kong (SAR of China),2017,48.17,0.406
HKG,Hong Kong (SAR of China),2018,48.61,0.41
HKG,Hong Kong (SAR of China),2019,49.32,0.433
HKG,Hong Kong (SAR of China),2020,47.05,0.553
HKG,Hong Kong (SAR of China),2021,48.78,0.718
HKG,Hong Kong (SAR of China),2022,48.45,0.914
HKG,Hong Kong (SAR of China),2023,49.34,0.954
HKG,Hong Kong (SAR of China),2024,48.81,1.042
HND,Honduras,2010,7.21,48.611
HND,Honduras,2011,7.51,46.051
HND,Honduras,2012,7.92,46.429
HND,Honduras,2013,8.32,44.093
HND,Honduras,2014,8.62,40.602
HND,Honduras,2015,9.16,44.062
HND,Honduras,2016,9.6,48.065
HND,Honduras,2017,9.8,57.356
HND,Honduras,2018,10.07,62.822
HND,Honduras,2019,10.91,52.908
HND,Honduras,2020,10.42,54.635
HND,Honduras,2021,11.32,61.421
HND,Honduras,2022,11.52,59.665
HND,Honduras,2023,12.63,54.363
HND,Honduras,2024,12.63,55.449
HRV,Croatia,2010,18.76,62.88
HRV,Croatia,2011,18.38,47.017
HRV,Croatia,2012,18.0,49.763
HRV,Croatia,2013,17.81,66.571
HRV,Croatia,2014,17.38,74.013
HRV,Croatia,2015,18.03,66.904
HRV,Croatia,2016,18.13,66.349
HRV,Croatia,2017,18.72,60.493
HRV,Croatia,2018,18.91,72.337
HRV,Croatia,2019,18.78,66.008
HRV,Croatia,2020,17.87,64.626
HRV,Croatia,2021,19.07,69.689
HRV,Croatia,2022,18.79,63.475
HRV,Croatia,2023,19.02,70.126
HRV,Croatia,2024,19.642,73.435
HTI,Haiti,2010,0.68,25.0
HTI,Haiti,2011,0.99,12.121
HTI,Haiti,2012,1.1,20.0
HTI,Haiti,2013,1.05,13.333
HTI,Haiti,2014,1.03,8.738
HTI,Haiti,2015,1.03,7.767
HTI,Haiti,2016,1.08,6.481
HTI,Haiti,2017,1.06,12.264
HTI,Haiti,2018,1.04,18.269
HTI,Haiti,2019,1.06,16.038
HTI,Haiti,2020,1.02,13.725
HTI,Haiti,2021,1.03,12.621
HTI,Haiti,2022,1.01,18.812
HTI,Haiti,2023,0.85,22.353
HTI,Haiti,2024,0.86,18.605
HUN,Hungary,2010,42.56,8.084
HUN,Hungary,2011,42.66,7.524
HUN,Hungary,2012,42.59,7.626
HUN,Hungary,2013,42.15,9.184
HUN,Hungary,2014,42.78,10.752
HUN,Hungary,2015,44.02,10.617
HUN,Hungary,2016,44.59,10.194
HUN,Hungary,2017,45.8,10.571
HUN,Hungary,2018,46.4,11.763
HUN,Hungary,2019,46.86,13.711
HUN,Hungary,2020,46.6,15.808
HUN,Hungary,2021,48.85,19.141
HUN,Hungary,2022,47.93,21.409
HUN,Hungary,2023,46.64,26.393
HUN,Hungary,2024,48.703,31.425
IDN,Indonesia,2010,235.292,20.313
IDN,Indonesia,2011,257.866,16.914
IDN,Indonesia,2012,280.073,15.933
IDN,Indonesia,2013,303.119,16.262
IDN,Indonesia,2014,295.305,16.149
IDN,Indonesia,2015,301.024,15.852
IDN,Indonesia,2016,319.274,16.832
IDN,Indonesia,2017,334.239,17.258
IDN,Indonesia,2018,361.203,17.59
IDN,Indonesia,2019,383.635,16.564
IDN,Indonesia,2020,381.533,17.964
IDN,Indonesia,2021,406.945,17.169
IDN,Indonesia,2022,441.491,16.561
IDN,Indonesia,2023,475.28,15.095
IDN,Indonesia,2024,508.221,14.821
IND,India,2010,941.94,15.114
IND,India,2011,1037.44,16.656
IND,India,2012,1093.06,14.868
IND,India,2013,1145.18,16.034
IND,India,2014,1259.25,15.77
IND,India,2015,1310.65,14.625
IND,India,2016,1393.84,14.438
IND,India,2017,1460.8,15.451
IND,India,2018,1567.81,16.294
IND,India,2019,1597.84,17.617
IND,India,2020,1561.985,18.938
IND,India,2021,1677.355,18.726
IND,India,2022,1801.559,20.131
IND,India,2023,1914.874,19.231
IND,India,2024,2032.897,19.756
IRL,Ireland,2010,28.63,13.388
IRL,Ireland,2011,27.69,20.221
IRL,Ireland,2012,27.57,19.588
IRL,Ireland,2013,27.86,22.287
IRL,Ireland,2014,28.01,25.019
IRL,Ireland,2015,28.82,28.313
IRL,Ireland,2016,29.59,25.116
IRL,Ireland,2017,30.11,29.263
IRL,Ireland,2018,31.01,33.312
IRL,Ireland,2019,31.51,38.711
IRL,Ireland,2020,32.01,42.444
IRL,Ireland,2021,33.33,37.051
IRL,Ireland,2022,34.04,39.213
IRL,Ireland,2023,34.81,45.276
IRL,Ireland,2024,36.133,46.513
IRN,Iran,2010,231.99,4.425
IRN,Iran,2011,230.58,4.631
IRN,Iran,2012,241.61,5.146
IRN,Iran,2013,250.98,5.741
IRN,Iran,2014,269.74,5.351
IRN,Iran,2015,277.57,4.785
IRN,Iran,2016,283.67,5.452
IRN,Iran,2017,300.85,5.787
IRN,Iran,2018,308.64,3.467
IRN,Iran,2019,312.02,11.01
IRN,Iran,2020,330.41,7.393
IRN,Iran,2021,349.61,4.377
IRN,Iran,2022,360.61,4.296
IRN,Iran,2023,375.29,6.473
IRN,Iran,2024,393.39,5.318
IRQ,Iraq,2010,55.63,9.753
IRQ,Iraq,2011,61.13,6.308
IRQ,Iraq,2012,56.19,9.539
IRQ,Iraq,2013,68.14,8.166
IRQ,Iraq,2014,77.89,4.331
IRQ,Iraq,2015,79.81,3.695
IRQ,Iraq,2016,90.07,4.187
IRQ,Iraq,2017,99.22,2.394
IRQ,Iraq,2018,103.09,1.91
IRQ,Iraq,2019,121.76,4.357
IRQ,Iraq,2020,124.57,3.876
IRQ,Iraq,2021,125.56,3.096
IRQ,Iraq,2022,137.39,2.264
IRQ,Iraq,2023,151.83,1.214
IRQ,Iraq,2024,156.83,1.623
ISL,Iceland,2010,16.74,100.0
ISL,Iceland,2011,16.85,100.0
ISL,Iceland,2012,17.29,100.0
ISL,Iceland,2013,17.99,100.0
ISL,Iceland,2014,17.8,100.0
ISL,Iceland,2015,18.55,100.0
ISL,Iceland,2016,18.17,100.0
ISL,Iceland,2017,19.07,100.0
ISL,Iceland,2018,19.69,100.0
ISL,Iceland,2019,19.36,100.0
ISL,Iceland,2020,18.89,100.0
ISL,Iceland,2021,19.39,100.0
ISL,Iceland,2022,19.87,100.0
ISL,Iceland,2023,19.81,100.0
ISL,Iceland,2024,19.05,100.0
ISR,Israel,2010,54.58,0.29
ISR,Israel,2011,55.38,0.503
ISR,Israel,2012,58.58,0.778
ISR,Israel,2013,56.64,0.93
ISR,Israel,2014,56.02,1.577
ISR,Israel,2015,59.03,1.899
ISR,Israel,2016,61.46,2.537
ISR,Israel,2017,61.79,2.506
ISR,Israel,2018,63.16,2.724
ISR,Israel,2019,66.4,4.827
ISR,Israel,2020,66.5,6.104
ISR,Israel,2021,67.6,7.852
ISR,Israel,2022,69.95,9.718
ISR,Israel,2023,70.5,11.791
ISR,Israel,2024,74.0,13.806
ITA,Italy,2010,340.79,25.948
ITA,Italy,2011,344.1,27.801
ITA,Italy,2012,338.35,31.235
ITA,Italy,2013,328.16,39.158
ITA,Italy,2014,320.25,43.641
ITA,Italy,2015,326.08,38.931
ITA,Italy,2016,322.98,37.772
ITA,Italy,2017,329.85,35.568
ITA,Italy,2018,329.96,39.995
ITA,Italy,2019,328.13,39.943
ITA,Italy,2020,309.01,42.231
ITA,Italy,2021,328.28,40.747
ITA,Italy,2022,323.16,35.857
ITA,Italy,2023,312.8,44.55
ITA,Italy,2024,318.564,50.173
JAM,Jamaica,2010,4.32,7.639
JAM,Jamaica,2011,4.36,8.716
JAM,Jamaica,2012,4.31,10.209
JAM,Jamaica,2013,4.29,9.324
JAM,Jamaica,2014,4.26,9.859
JAM,Jamaica,2015,4.28,10.28
JAM,Jamaica,2016,4.49,12.249
JAM,Jamaica,2017,4.38,11.644
JAM,Jamaica,2018,3.96,14.646
JAM,Jamaica,2019,4.64,12.716
JAM,Jamaica,2020,4.28,13.785
JAM,Jamaica,2021,4.35,13.333
JAM,Jamaica,2022,4.49,12.918
JAM,Jamaica,2023,4.77,12.159
JAM,Jamaica,2024,4.92,12.602
JOR,Jordan,2010,15.39,0.474
JOR,Jordan,2011,16.29,0.41
JOR,Jordan,2012,17.27,0.422
JOR,Jordan,2013,17.58,0.348
JOR,Jordan,2014,18.64,0.383
JOR,Jordan,2015,19.61,1.207
JOR,Jordan,2016,19.96,4.372
JOR,Jordan,2017,20.77,6.737
JOR,Jordan,2018,20.46,10.604
JOR,Jordan,2019,20.67,14.418
JOR,Jordan,2020,20.89,18.937
JOR,Jordan,2021,21.58,22.987
JOR,Jordan,2022,22.64,23.128
JOR,Jordan,2023,23.84,21.96
JOR,Jordan,2024,23.73,24.081
JPN,Japan,2010,1156.04,10.228
JPN,Japan,2011,1104.2,10.279
JPN,Japan,2012,1106.88,10.058
JPN,Japan,2013,1087.76,11.082
JPN,Japan,2014,1062.72,12.6
JPN,Japan,2015,1030.12,14.952
JPN,Japan,2016,1063.7,14.268
JPN,Japan,2017,1076.86,15.164
JPN,Japan,2018,1082.93,16.191
JPN,Japan,2019,1047.4,16.843
JPN,Japan,2020,1011.03,19.092
JPN,Japan,2021,1034.67,20.117
JPN,Japan,2022,1040.57,20.488
JPN,Japan,2023,1006.73,22.137
JPN,Japan,2024,1016.39,22.935
KAZ,Kazakhstan,2010,83.81,9.704
KAZ,Kazakhstan,2011,87.37,9.101
KAZ,Kazakhstan,2012,91.94,8.431
KAZ,Kazakhstan,2013,91.76,8.347
KAZ,Kazakhstan,2014,93.47,8.738
KAZ,Kazakhstan,2015,91.65,10.311
KAZ,Kazakhstan,2016,93.38,12.66
KAZ,Kazakhstan,2017,98.76,11.288
KAZ,Kazakhstan,2018,103.8,10.17
KAZ,Kazakhstan,2019,103.42,10.415
KAZ,Kazakhstan,2020,107.9,10.99
KAZ,Kazakhstan,2021,114.52,10.94
KAZ,Kazakhstan,2022,114.89,11.707
KAZ,Kazakhstan,2023,115.66,12.73
KAZ,Kazakhstan,2024,120.92,15.214
KEN,Kenya,2010,7.16,74.441
KEN,Kenya,2011,7.83,69.221
KEN,Kenya,2012,8.18,77.479
KEN,Kenya,2013,8.08,78.342
KEN,Kenya,2014,9.33,76.413
KEN,Kenya,2015,9.82,89.806
KEN,Kenya,2016,9.73,89.256
KEN,Kenya,2017,11.05,80.886
KEN,Kenya,2018,11.39,86.283
KEN,Kenya,2019,11.76,88.668
KEN,Kenya,2020,11.8,93.579
KEN,Kenya,2021,12.65,89.822
KEN,Kenya,2022,13.26,87.809
KEN,Kenya,2023,13.69,89.766
KEN,Kenya,2024,14.75,91.478
KGZ,Kyrgyzstan,2010,10.28,91.743
KGZ,Kyrgyzstan,2011,12.34,93.271
KGZ,Kyrgyzstan,2012,13.37,93.413
KGZ,Kyrgyzstan,2013,13.77,93.391
KGZ,Kyrgyzstan,2014,14.64,91.199
KGZ,Kyrgyzstan,2015,13.47,85.062
KGZ,Kyrgyzstan,2016,13.28,86.54
KGZ,Kyrgyzstan,2017,14.15,91.477
KGZ,Kyrgyzstan,2018,14.68,91.834
KGZ,Kyrgyzstan,2019,14.97,91.583
KGZ,Kyrgyzstan,2020,15.45,90.779
KGZ,Kyrgyzstan,2021,16.27,85.601
KGZ,Kyrgyzstan,2022,16.17,86.107
KGZ,Kyrgyzstan,2023,16.95,86.471
KGZ,Kyrgyzstan,2024,19.25,88.776
KHM,Cambodia,2010,2.52,4.124
KHM,Cambodia,2011,2.85,5.882
KHM,Cambodia,2012,3.54,37.063
KHM,Cambodia,2013,4.06,57.865
KHM,Cambodia,2014,4.86,61.111
KHM,Cambodia,2015,6.04,48.998
KHM,Cambodia,2016,7.06,47.628
KHM,Cambodia,2017,8.07,41.78
KHM,Cambodia,2018,9.75,58.924
KHM,Cambodia,2019,11.73,48.558
KHM,Cambodia,2020,11.34,55.186
KHM,Cambodia,2021,13.1,58.702
KHM,Cambodia,2022,14.9,65.446
KHM,Cambodia,2023,16.97,42.132
KHM,Cambodia,2024,20.0,35.659
KIR,Kiribati,2010,0.02,0.0
KIR,Kiribati,2011,0.02,0.0
KIR,Kiribati,2012,0.02,0.0
KIR,Kiribati,2013,0.03,0.0
KIR,Kiribati,2014,0.03,0.0
KIR,Kiribati,2015,0.03,0.0
KIR,Kiribati,2016,0.03,0.0
KIR,Kiribati,2017,0.03,0.0
KIR,Kiribati,2018,0.03,0.0
KIR,Kiribati,2019,0.04,25.0
KIR,Kiribati,2020,0.04,25.0
KIR,Kiribati,2021,0.04,25.0
KIR,Kiribati,2022,0.04,25.0
KIR,Kiribati,2023,0.04,25.0
KIR,Kiribati,2024,0.04,25.0
KNA,Saint Kitts and Nevis,2010,0.21,0.0
KNA,Saint Kitts and Nevis,2011,0.22,0.0
KNA,Saint Kitts and Nevis,2012,0.22,4.545
KNA,Saint Kitts and Nevis,2013,0.22,4.545
KNA,Saint Kitts and Nevis,2014,0.22,4.545
KNA,Saint Kitts and Nevis,2015,0.22,4.545
KNA,Saint Kitts and Nevis,2016,0.23,4.348
KNA,Saint Kitts and Nevis,2017,0.22,0.0
KNA,Saint Kitts and Nevis,2018,0.23,4.348
KNA,Saint Kitts and Nevis,2019,0.23,4.348
KNA,Saint Kitts and Nevis,2020,0.22,4.545
KNA,Saint Kitts and Nevis,2021,0.22,4.545
KNA,Saint Kitts and Nevis,2022,0.22,4.545
KNA,Saint Kitts and Nevis,2023,0.22,4.545
KNA,Saint Kitts and Nevis,2024,0.23,8.696
KOR,South Korea,2010,495.03,1.149
KOR,South Korea,2011,518.16,1.428
KOR,South Korea,2012,531.21,1.538
KOR,South Korea,2013,537.16,1.904
KOR,South Korea,2014,540.38,2.385
KOR,South Korea,2015,547.8,2.775
KOR,South Korea,2016,560.98,3.232
KOR,South Korea,2017,576.41,3.874
KOR,South Korea,2018,592.91,4.689
KOR,South Korea,2019,586.8,5.625
KOR,South Korea,2020,577.11,7.0
KOR,South Korea,2021,607.76,7.914
KOR,South Korea,2022,622.59,8.913
KOR,South Korea,2023,617.49,9.566
KOR,South Korea,2024,625.38,9.709
KWT,Kuwait,2010,57.03,0.0
KWT,Kuwait,2011,57.46,0.0
KWT,Kuwait,2012,61.12,0.0
KWT,Kuwait,2013,60.99,0.016
KWT,Kuwait,2014,65.15,0.015
KWT,Kuwait,2015,68.3,0.015
KWT,Kuwait,2016,70.1,0.029
KWT,Kuwait,2017,68.89,0.058
KWT,Kuwait,2018,74.13,0.121
KWT,Kuwait,2019,75.04,0.133
KWT,Kuwait,2020,74.64,0.121
KWT,Kuwait,2021,80.8,0.26
KWT,Kuwait,2022,85.29,2.228
KWT,Kuwait,2023,89.76,2.128
KWT,Kuwait,2024,92.49,2.238
LAO,Lao PDR,2010,2.92,100.0
LAO,Lao PDR,2011,3.07,100.0
LAO,Lao PDR,2012,3.9,100.0
LAO,Lao PDR,2013,4.14,100.0
LAO,Lao PDR,2014,4.74,100.0
LAO,Lao PDR,2015,6.66,86.015
LAO,Lao PDR,2016,6.7,68.772
LAO,Lao PDR,2017,6.67,64.821
LAO,Lao PDR,2018,7.51,65.078
LAO,Lao PDR,2019,8.47,63.476
LAO,Lao PDR,2020,10.59,71.597
LAO,Lao PDR,2021,11.53,73.541
LAO,Lao PDR,2022,11.95,76.136
LAO,Lao PDR,2023,17.1,76.711
LAO,Lao PDR,2024,15.61,76.716
LBN,Lebanon,2010,16.96,5.283
LBN,Lebanon,2011,17.14,4.908
LBN,Lebanon,2012,16.78,6.075
LBN,Lebanon,2013,19.32,6.702
LBN,Lebanon,2014,18.11,1.169
LBN,Lebanon,2015,18.91,2.682
LBN,Lebanon,2016,19.48,2.215
LBN,Lebanon,2017,21.78,2.259
LBN,Lebanon,2018,21.29,2.209
LBN,Lebanon,2019,21.68,5.188
LBN,Lebanon,2020,18.25,6.74
LBN,Lebanon,2021,11.14,9.284
LBN,Lebanon,2022,4.37,45.538
LBN,Lebanon,2023,6.28,34.076
LBN,Lebanon,2024,5.34,43.82
LBR,Liberia,2010,0.25,0.0
LBR,Liberia,2011,0.3,0.0
LBR,Liberia,2012,0.3,0.0
LBR,Liberia,2013,0.3,0.0
LBR,Liberia,2014,0.3,0.0
LBR,Liberia,2015,0.31,0.0
LBR,Liberia,2016,0.3,0.0
LBR,Liberia,2017,0.35,0.0
LBR,Liberia,2018,0.41,31.707
LBR,Liberia,2019,0.42,30.952
LBR,Liberia,2020,0.45,28.889
LBR,Liberia,2021,0.38,34.211
LBR,Liberia,2022,0.39,33.333
LBR,Liberia,2023,0.61,57.377
LBR,Liberia,2024,0.57,54.386
LBY,Libya,2010,32.48,0.031
LBY,Libya,2011,25.95,0.038
LBY,Libya,2012,34.34,0.029
LBY,Libya,2013,37.99,0.026
LBY,Libya,2014,37.82,0.027
LBY,Libya,2015,37.51,0.027
LBY,Libya,2016,31.8,0.032
LBY,Libya,2017,33.58,0.03
LBY,Libya,2018,34.65,0.029
LBY,Libya,2019,35.41,0.029
LBY,Libya,2020,30.76,0.034
LBY,Libya,2021,35.57,0.029
LBY,Libya,2022,35.83,0.028
LBY,Libya,2023,33.75,0.03
LBY,Libya,2024,34.59,0.029
LCA,Saint Lucia,2010,0.38,0.0
LCA,Saint Lucia,2011,0.39,0.0
LCA,Saint Lucia,2012,0.38,0.0
LCA,Saint Lucia,2013,0.38,0.0
LCA,Saint Lucia,2014,0.38,0.0
LCA,Saint Lucia,2015,0.38,0.0
LCA,Saint Lucia,2016,0.39,0.0
LCA,Saint Lucia,2017,0.4,0.0
LCA,Saint Lucia,2018,0.41,2.439
LCA,Saint Lucia,2019,0.42,2.381
LCA,Saint Lucia,2020,0.38,2.632
LCA,Saint Lucia,2021,0.4,2.5
LCA,Saint Lucia,2022,0.4,2.5
LCA,Saint Lucia,2023,0.4,2.5
LCA,Saint Lucia,2024,0.4,2.5
LKA,Sri Lanka,2010,10.72,53.451
LKA,Sri Lanka,2011,11.55,41.212
LKA,Sri Lanka,2012,11.8,29.407
LKA,Sri Lanka,2013,11.98,60.184
LKA,Sri Lanka,2014,12.45,39.357
LKA,Sri Lanka,2015,13.21,48.751
LKA,Sri Lanka,2016,14.31,32.984
LKA,Sri Lanka,2017,14.89,31.028
LKA,Sri Lanka,2018,16.07,43.871
LKA,Sri Lanka,2019,16.67,33.773
LKA,Sri Lanka,2020,16.5,35.576
LKA,Sri Lanka,2021,17.51,49.4
LKA,Sri Lanka,2022,16.75,50.328
LKA,Sri Lanka,2023,16.39,48.566
LKA,Sri Lanka,2024,17.109,54.088
LSO,Lesotho,2010,0.89,100.0
LSO,Lesotho,2011,0.71,100.0
LSO,Lesotho,2012,0.78,100.0
LSO,Lesotho,2013,0.79,100.0
LSO,Lesotho,2014,0.79,100.0
LSO,Lesotho,2015,0.79,100.0
LSO,Lesotho,2016,0.89,100.0
LSO,Lesotho,2017,0.93,100.0
LSO,Lesotho,2018,0.91,100.0
LSO,Lesotho,2019,0.93,100.0
LSO,Lesotho,2020,0.87,100.0
LSO,Lesotho,2021,0.96,100.0
LSO,Lesotho,2022,0.91,100.0
LTU,Lithuania,2010,10.99,18.2
LTU,Lithuania,2011,10.99,26.118
LTU,Lithuania,2012,11.12,26.222
LTU,Lithuania,2013,11.14,36.516
LTU,Lithuania,2014,11.31,40.921
LTU,Lithuania,2015,11.44,39.716
LTU,Lithuania,2016,11.9,57.851
LTU,Lithuania,2017,12.24,71.067
LTU,Lithuania,2018,12.55,75.342
LTU,Lithuania,2019,12.68,73.952
LTU,Lithuania,2020,12.61,54.681
LTU,Lithuania,2021,13.34,60.93
LTU,Lithuania,2022,12.61,74.752
LTU,Lithuania,2023,12.23,83.774
LTU,Lithuania,2024,12.799,84.323
LUX,Luxembourg,2010,7.3,8.333
LUX,Luxembourg,2011,7.12,9.091
LUX,Luxembourg,2012,6.87,11.232
LUX,Luxembourg,2013,6.78,19.565
LUX,Luxembourg,2014,6.8,20.942
LUX,Luxembourg,2015,6.94,32.09
LUX,Luxembourg,2016,7.09,58.228
LUX,Luxembourg,2017,7.08,66.667
LUX,Luxembourg,2018,7.12,70.833
LUX,Luxembourg,2019,6.95,74.766
LUX,Luxembourg,2020,6.68,79.508
LUX,Luxembourg,2021,6.95,80.488
LUX,Luxembourg,2022,6.72,85.95
LUX,Luxembourg,2023,6.61,89.362
LUX,Luxembourg,2024,6.76,90.728
LVA,Latvia,2010,7.5,54.902
LVA,Latvia,2011,7.33,50.575
LVA,Latvia,2012,7.86,66.613
LVA,Latvia,2013,7.56,56.935
LVA,Latvia,2014,7.46,54.475
LVA,Latvia,2015,7.36,50.181
LVA,Latvia,2016,7.45,54.206
LVA,Latvia,2017,7.47,72.51
LVA,Latvia,2018,7.63,51.935
LVA,Latvia,2019,7.56,49.534
LVA,Latvia,2020,7.35,63.636
LVA,Latvia,2021,7.62,63.59
LVA,Latvia,2022,7.34,75.944
LVA,Latvia,2023,7.18,77.743
LVA,Latvia,2024,7.411,73.503
MAC,Macao (SAR of China),2010,3.87,18.519
MAC,Macao (SAR of China),2011,4.05,23.596
MAC,Macao (SAR of China),2012,4.42,41.071
MAC,Macao (SAR of China),2013,4.47,58.537
MAC,Macao (SAR of China),2014,4.74,40.625
MAC,Macao (SAR of China),2015,5.0,21.053
MAC,Macao (SAR of China),2016,5.3,20.202
MAC,Macao (SAR of China),2017,5.42,14.286
MAC,Macao (SAR of China),2018,5.56,27.692
MAC,Macao (SAR of China),2019,5.82,26.19
MAC,Macao (SAR of China),2020,5.41,33.929
MAC,Macao (SAR of China),2021,5.69,42.0
MAC,Macao (SAR of China),2022,5.36,40.816
MAC,Macao (SAR of China),2023,5.99,33.333
MAC,Macao (SAR of China),2024,6.28,30.769
MAR,Morocco,2010,26.79,18.775
MAR,Morocco,2011,28.97,11.617
MAR,Morocco,2012,31.35,9.619
MAR,Morocco,2013,32.34,16.147
MAR,Morocco,2014,34.09,14.103
MAR,Morocco,2015,34.88,16.082
MAR,Morocco,2016,36.02,16.489
MAR,Morocco,2017,37.84,15.842
MAR,Morocco,2018,37.93,19.821
MAR,Morocco,2019,39.45,19.787
MAR,Morocco,2020,39.03,19.175
MAR,Morocco,2021,41.14,19.806
MAR,Morocco,2022,42.81,18.184
MAR,Morocco,2023,44.31,21.715
MAR,Morocco,2024,44.94,24.41
MDA,Moldova,2010,6.14,6.547
MDA,Moldova,2011,6.45,6.055
MDA,Moldova,2012,6.66,4.647
MDA,Moldova,2013,5.97,6.874
MDA,Moldova,2014,6.1,6.145
MDA,Moldova,2015,6.06,4.47
MDA,Moldova,2016,5.85,4.103
MDA,Moldova,2017,6.09,6.25
MDA,Moldova,2018,6.34,5.948
MDA,Moldova,2019,6.33,6.503
MDA,Moldova,2020,6.35,5.825
MDA,Moldova,2021,6.82,6.607
MDA,Moldova,2022,6.17,9.568
MDA,Moldova,2023,6.43,9.606
MDA,Moldova,2024,6.06,10.708
MDG,Madagascar,2010,1.3,54.615
MDG,Madagascar,2011,1.47,47.619
MDG,Madagascar,2012,1.56,49.359
MDG,Madagascar,2013,1.65,50.303
MDG,Madagascar,2014,1.72,52.907
MDG,Madagascar,2015,1.79,54.19
MDG,Madagascar,2016,1.9,48.421
MDG,Madagascar,2017,1.98,41.919
MDG,Madagascar,2018,2.38,43.277
MDG,Madagascar,2019,2.47,38.462
MDG,Madagascar,2020,2.16,40.741
MDG,Madagascar,2021,2.53,33.202
MDG,Madagascar,2022,2.64,35.227
MDG,Madagascar,2023,2.48,43.952
MDG,Madagascar,2024,2.43,42.387
MDV,Maldives,2010,0.35,0.0
MDV,Maldives,2011,0.38,0.0
MDV,Maldives,2012,0.4,0.0
MDV,Maldives,2013,0.42,0.0
MDV,Maldives,2014,0.54,1.852
MDV,Maldives,2015,0.62,1.613
MDV,Maldives,2016,0.67,1.493
MDV,Maldives,2017,0.73,2.74
MDV,Maldives,2018,0.79,3.797
MDV,Maldives,2019,0.81,3.704
MDV,Maldives,2020,0.82,4.878
MDV,Maldives,2021,0.84,5.952
MDV,Maldives,2022,0.85,7.059
MDV,Maldives,2023,0.85,7.059
MDV,Maldives,2024,0.85,7.059
MEX,Mexico,2010,274.62,16.863
MEX,Mexico,2011,291.45,15.721
MEX,Mexico,2012,297.45,14.528
MEX,Mexico,2013,297.09,13.503
MEX,Mexico,2014,302.8,17.684
MEX,Mexico,2015,309.69,15.543
MEX,Mexico,2016,320.61,15.29
MEX,Mexico,2017,329.44,15.43
MEX,Mexico,2018,350.54,15.815
MEX,Mexico,2019,345.39,16.687
MEX,Mexico,2020,329.74,21.297
MEX,Mexico,2021,327.63,24.983
MEX,Mexico,2022,339.88,24.439
MEX,Mexico,2023,350.66,20.267
MEX,Mexico,2024,354.87,21.116
MKD,North Macedonia,2010,8.68,33.471
MKD,North Macedonia,2011,9.44,21.154
MKD,North Macedonia,2012,8.93,16.613
MKD,North Macedonia,2013,8.52,26.108
MKD,North Macedonia,2014,8.34,23.978
MKD,North Macedonia,2015,8.16,35.929
MKD,North Macedonia,2016,7.66,36.767
MKD,North Macedonia,2017,7.58,23.036
MKD,North Macedonia,2018,7.53,34.938
MKD,North Macedonia,2019,7.7,22.828
MKD,North Macedonia,2020,7.67,27.715
MKD,North Macedonia,2021,8.01,29.837
MKD,North Macedonia,2022,7.35,27.104
MKD,North Macedonia,2023,7.05,32.174
MKD,North Macedonia,2024,7.02,39.461
MLI,Mali,2010,1.96,49.153
MLI,Mali,2011,2.42,56.481
MLI,Mali,2012,1.86,57.143
MLI,Mali,2013,2.1,54.091
MLI,Mali,2014,2.26,58.167
MLI,Mali,2015,2.64,48.207
MLI,Mali,2016,2.67,51.987
MLI,Mali,2017,3.19,45.64
MLI,Mali,2018,3.48,40.166
MLI,Mali,2019,3.86,38.32
MLI,Mali,2020,4.09,40.863
MLI,Mali,2021,4.1,39.086
MLI,Mali,2022,4.61,42.857
MLI,Mali,2023,5.29,19.8
MLI,Mali,2024,5.46,19.463
MLT,Malta,2010,2.11,0.0
MLT,Malta,2011,2.17,0.0
MLT,Malta,2012,2.3,1.304
MLT,Malta,2013,2.26,1.77
MLT,Malta,2014,2.25,3.556
MLT,Malta,2015,2.35,7.692
MLT,Malta,2016,2.39,16.279
MLT,Malta,2017,2.51,10.303
MLT,Malta,2018,2.59,10.152
MLT,Malta,2019,2.71,10.145
MLT,Malta,2020,2.57,11.628
MLT,Malta,2021,2.73,12.162
MLT,Malta,2022,2.94,13.043
MLT,Malta,2023,2.97,13.617
MLT,Malta,2024,3.16,15.525
MMR,Myanmar,2010,8.62,71.81
MMR,Myanmar,2011,10.43,72.1
MMR,Myanmar,2012,11.16,71.326
MMR,Myanmar,2013,12.46,72.552
MMR,Myanmar,2014,14.39,62.96
MMR,Myanmar,2015,16.2,59.506
MMR,Myanmar,2016,15.74,55.188
MMR,Myanmar,2017,19.65,53.327
MMR,Myanmar,2018,20.21,58.179
MMR,Myanmar,2019,18.05,56.263
MMR,Myanmar,2020,17.54,48.669
MMR,Myanmar,2021,18.66,49.349
MMR,Myanmar,2022,23.05,40.86
MMR,Myanmar,2023,21.69,46.493
MMR,Myanmar,2024,21.92,47.858
MNE,Montenegro,2010,4.02,68.408
MNE,Montenegro,2011,4.21,45.283
MNE,Montenegro,2012,4.06,51.93
MNE,Montenegro,2013,3.6,63.452
MNE,Montenegro,2014,3.43,55.205
MNE,Montenegro,2015,3.52,49.667
MNE,Montenegro,2016,3.44,58.599
MNE,Montenegro,2017,3.6,45.161
MNE,Montenegro,2018,3.6,59.211
MNE,Montenegro,2019,3.68,56.268
MNE,Montenegro,2020,3.47,52.212
MNE,Montenegro,2021,3.6,61.804
MNE,Montenegro,2022,3.18,53.172
MNE,Montenegro,2023,3.32,60.859
MNE,Montenegro,2024,3.37,59.49
MNG,Mongolia,2010,4.56,1.157
MNG,Mongolia,2011,4.79,1.322
MNG,Mongolia,2012,5.15,1.247
MNG,Mongolia,2013,6.2,2.39
MNG,Mongolia,2014,6.7,3.903
MNG,Mongolia,2015,6.88,3.993
MNG,Mongolia,2016,7.08,4.409
MNG,Mongolia,2017,7.58,4.146
MNG,Mongolia,2018,8.21,6.697
MNG,Mongolia,2019,8.64,9.942
MNG,Mongolia,2020,8.28,10.241
MNG,Mongolia,2021,9.24,11.156
MNG,Mongolia,2022,9.83,9.806
MNG,Mongolia,2023,10.68,9.168
MNG,Mongolia,2024,11.54,8.844
MOZ,Mozambique,2010,13.13,99.88
MOZ,Mozambique,2011,13.66,99.337
MOZ,Mozambique,2012,13.74,99.265
MOZ,Mozambique,2013,14.22,98.588
MOZ,Mozambique,2014,14.4,98.659
MOZ,Mozambique,2015,15.08,92.982
MOZ,Mozambique,2016,15.53,82.715
MOZ,Mozambique,2017,15.92,80.499
MOZ,Mozambique,2018,15.73,81.797
MOZ,Mozambique,2019,16.5,79.358
MOZ,Mozambique,2020,15.61,83.491
MOZ,Mozambique,2021,15.9,82.98
MOZ,Mozambique,2022,16.37,83.691
MOZ,Mozambique,2023,16.5,83.567
MOZ,Mozambique,2024,16.49,83.426
MRT,Mauritania,2010,0.97,14.118
MRT,Mauritania,2011,1.0,14.943
MRT,Mauritania,2012,1.1,14.583
MRT,Mauritania,2013,1.15,21.429
MRT,Mauritania,2014,1.21,21.359
MRT,Mauritania,2015,1.34,27.586
MRT,Mauritania,2016,1.38,25.0
MRT,Mauritania,2017,1.54,24.444
MRT,Mauritania,2018,1.66,30.137
MRT,Mauritania,2019,1.77,29.936
MRT,Mauritania,2020,1.85,28.834
MRT,Mauritania,2021,1.77,28.481
MRT,Mauritania,2022,2.02,27.439
MRT,Mauritania,2023,2.35,21.531
MRT,Mauritania,2024,2.37,22.705
MSR,Montserrat,2010,0.01,0.0
MSR,Montserrat,2011,0.01,0.0
MSR,Montserrat,2012,0.01,0.0
MSR,Montserrat,2013,0.01,0.0
MSR,Montserrat,2014,0.01,0.0
MSR,Montserrat,2015,0.01,0.0
MSR,Montserrat,2016,0.01,0.0
MSR,Montserrat,2017,0.01,0.0
MSR,Montserrat,2018,0.01,0.0
MSR,Montserrat,2019,0.01,0.0
MSR,Montserrat,2020,0.01,0.0
MSR,Montserrat,2021,0.01,0.0
MSR,Montserrat,2022,0.01,0.0
MSR,Montserrat,2023,0.01,0.0
MSR,Montserrat,2024,0.01,0.0
MTQ,Martinique,2010,1.61,1.863
MTQ,Martinique,2011,1.57,3.185
MTQ,Martinique,2012,1.59,5.66
MTQ,Martinique,2013,1.58,5.696
MTQ,Martinique,2014,1.55,5.806
MTQ,Martinique,2015,1.56,5.769
MTQ,Martinique,2016,1.58,5.696
MTQ,Martinique,2017,1.56,5.769
MTQ,Martinique,2018,1.54,11.688
MTQ,Martinique,2019,1.55,25.161
MTQ,Martinique,2020,1.5,22.667
MTQ,Martinique,2021,1.51,25.166
MTQ,Martinique,2022,1.49,26.174
MTQ,Martinique,2023,1.51,25.828
MUS,Mauritius,2010,2.69,24.164
MUS,Mauritius,2011,2.73,19.78
MUS,Mauritius,2012,2.79,20.43
MUS,Mauritius,2013,2.86,20.28
MUS,Mauritius,2014,2.94,20.408
MUS,Mauritius,2015,2.99,22.742
MUS,Mauritius,2016,3.05,21.967
MUS,Mauritius,2017,3.11,19.936
MUS,Mauritius,2018,3.12,20.513
MUS,Mauritius,2019,3.23,21.672
MUS,Mauritius,2020,2.9,24.138
MUS,Mauritius,2021,2.99,21.405
MUS,Mauritius,2022,3.12,19.551
MUS,Mauritius,2023,3.27,17.431
MUS,Mauritius,2024,3.41,17.889
MWI,Malawi,2010,1.9,93.75
MWI,Malawi,2011,1.95,93.909
MWI,Malawi,2012,2.03,93.659
MWI,Malawi,2013,2.03,93.659
MWI,Malawi,2014,2.15,94.47
MWI,Malawi,2015,2.15,94.009
MWI,Malawi,2016,2.13,93.953
MWI,Malawi,2017,1.89,100.0
MWI,Malawi,2018,1.79,81.768
MWI,Malawi,2019,1.78,96.111
MWI,Malawi,2020,1.73,99.429
MWI,Malawi,2021,1.81,95.628
MWI,Malawi,2022,1.81,95.628
MWI,Malawi,2023,1.81,95.628
MWI,Malawi,2024,1.81,95.628
MYS,Malaysia,2010,124.894,6.097
MYS,Malaysia,2011,127.429,7.55
MYS,Malaysia,2012,134.17,8.025
MYS,Malaysia,2013,141.173,9.251
MYS,Malaysia,2014,147.472,9.703
MYS,Malaysia,2015,150.133,9.957
MYS,Malaysia,2016,156.004,13.464
MYS,Malaysia,2017,159.517,17.394
MYS,Malaysia,2018,169.088,16.595
MYS,Malaysia,2019,176.835,16.13
MYS,Malaysia,2020,172.45,17.581
MYS,Malaysia,2021,177.638,19.293
MYS,Malaysia,2022,191.077,19.127
MYS,Malaysia,2023,201.651,18.775
MYS,Malaysia,2024,210.087,19.781
NAM,Namibia,2010,3.69,96.183
NAM,Namibia,2011,3.85,97.241
NAM,Namibia,2012,4.1,97.006
NAM,Namibia,2013,4.17,95.556
NAM,Namibia,2014,4.33,99.346
NAM,Namibia,2015,4.17,97.468
NAM,Namibia,2016,4.45,95.946
NAM,Namibia,2017,4.58,96.045
NAM,Namibia,2018,4.63,98.582
NAM,Namibia,2019,4.42,96.377
NAM,Namibia,2020,4.19,96.5
NAM,Namibia,2021,3.95,97.351
NAM,Namibia,2022,4.07,98.485
NAM,Namibia,2023,4.18,97.884
NAM,Namibia,2024,4.04,97.561
NCL,New Caledonia,2010,2.12,14.623
NCL,New Caledonia,2011,2.26,18.584
NCL,New Caledonia,2012,2.29,20.087
NCL,New Caledonia,2013,2.51,20.319
NCL,New Caledonia,2014,3.01,11.628
NCL,New Caledonia,2015,2.9,14.138
NCL,New Caledonia,2016,3.14,9.236
NCL,New Caledonia,2017,3.23,13.622
NCL,New Caledonia,2018,3.5,12.0
NCL,New Caledonia,2019,3.33,13.814
NCL,New Caledonia,2020,3.24,15.741
NCL,New Caledonia,2021,2.91,22.337
NCL,New Caledonia,2022,3.09,26.214
NCL,New Caledonia,2023,3.09,26.214
NCL,New Caledonia,2024,3.12,26.923
NER,Niger,2010,0.84,0.0
NER,Niger,2011,0.95,0.0
NER,Niger,2012,1.03,0.0
NER,Niger,2013,1.04,0.0
NER,Niger,2014,1.18,2.222
NER,Niger,2015,1.32,1.852
NER,Niger,2016,1.48,1.429
NER,Niger,2017,1.41,1.786
NER,Niger,2018,1.52,1.887
NER,Niger,2019,1.73,2.985
NER,Niger,2020,1.78,2.985
NER,Niger,2021,1.83,2.817
NER,Niger,2022,1.95,2.532
NER,Niger,2023,2.21,2.062
NER,Niger,2024,2.15,3.158
NGA,Nigeria,2010,26.13,24.416
NGA,Nigeria,2011,27.04,21.783
NGA,Nigeria,2012,28.74,19.798
NGA,Nigeria,2013,28.93,18.562
NGA,Nigeria,2014,32.28,16.698
NGA,Nigeria,2015,33.17,19.506
NGA,Nigeria,2016,34.6,22.469
NGA,Nigeria,2017,29.78,24.194
NGA,Nigeria,2018,33.71,21.166
NGA,Nigeria,2019,34.13,23.341
NGA,Nigeria,2020,34.99,20.553
NGA,Nigeria,2021,36.14,20.663
NGA,Nigeria,2022,35.57,24.711
NGA,Nigeria,2023,38.6,22.678
NGA,Nigeria,2024,35.26,25.0
NIC,Nicaragua,2010,3.62,36.712
NIC,Nicaragua,2011,3.78,33.858
NIC,Nicaragua,2012,4.05,42.68
NIC,Nicaragua,2013,4.21,52.278
NIC,Nicaragua,2014,4.43,53.812
NIC,Nicaragua,2015,4.6,50.109
NIC,Nicaragua,2016,4.78,52.288
NIC,Nicaragua,2017,4.85,55.973
NIC,Nicaragua,2018,4.85,58.71
NIC,Nicaragua,2019,5.01,56.987
NIC,Nicaragua,2020,4.86,69.921
NIC,Nicaragua,2021,5.21,69.121
NIC,Nicaragua,2022,5.38,64.12
NIC,Nicaragua,2023,5.34,62.389
NIC,Nicaragua,2024,5.42,62.389
NLD,Netherlands,2010,120.88,9.475
NLD,Netherlands,2011,121.73,10.938
NLD,Netherlands,2012,119.38,12.193
NLD,Netherlands,2013,118.8,12.033
NLD,Netherlands,2014,116.83,11.41
NLD,Netherlands,2015,117.74,12.561
NLD,Netherlands,2016,118.87,12.969
NLD,Netherlands,2017,119.55,15.021
NLD,Netherlands,2018,121.07,16.693
NLD,Netherlands,2019,120.91,18.992
NLD,Netherlands,2020,119.3,26.837
NLD,Netherlands,2021,121.14,33.452
NLD,Netherlands,2022,115.69,40.097
NLD,Netherlands,2023,114.3,47.382
NLD,Netherlands,2024,118.124,50.745
NOR,Norway,2010,130.69,95.793
NOR,Norway,2011,122.85,96.808
NOR,Norway,2012,128.36,98.228
NOR,Norway,2013,128.13,97.957
NOR,Norway,2014,125.3,97.913
NOR,Norway,2015,128.35,97.951
NOR,Norway,2016,131.62,98.054
NOR,Norway,2017,133.11,98.118
NOR,Norway,2018,135.79,98.02
NOR,Norway,2019,133.87,97.938
NOR,Norway,2020,133.85,98.516
NOR,Norway,2021,139.55,99.319
NOR,Norway,2022,132.9,98.645
NOR,Norway,2023,135.89,98.47
NOR,Norway,2024,138.665,98.606
NPL,Nepal,2010,3.84,100.0
NPL,Nepal,2011,4.2,100.0
NPL,Nepal,2012,4.32,99.433
NPL,Nepal,2013,4.82,99.714
NPL,Nepal,2014,5.17,100.0
NPL,Nepal,2015,5.23,100.0
NPL,Nepal,2016,6.35,100.0
NPL,Nepal,2017,7.16,100.0
NPL,Nepal,2018,7.62,100.0
NPL,Nepal,2019,7.77,100.0
NPL,Nepal,2020,8.95,100.0
NPL,Nepal,2021,10.68,100.0
NPL,Nepal,2022,11.19,100.0
NPL,Nepal,2023,10.65,100.0
NPL,Nepal,2024,11.03,100.0
NRU,Nauru,2010,0.02,0.0
NRU,Nauru,2011,0.02,0.0
NRU,Nauru,2012,0.02,0.0
NRU,Nauru,2013,0.02,0.0
NRU,Nauru,2014,0.03,0.0
NRU,Nauru,2015,0.03,0.0
NRU,Nauru,2016,0.03,0.0
NRU,Nauru,2017,0.03,0.0
NRU,Nauru,2018,0.04,0.0
NRU,Nauru,2019,0.04,0.0
NRU,Nauru,2020,0.04,0.0
NRU,Nauru,2021,0.04,0.0
NRU,Nauru,2022,0.04,0.0
NRU,Nauru,2023,0.04,0.0
NRU,Nauru,2024,0.05,20.0
NZL,New Zealand,2010,44.31,73.121
NZL,New Zealand,2011,43.86,75.992
NZL,New Zealand,2012,43.75,71.726
NZL,New Zealand,2013,42.7,74.192
NZL,New Zealand,2014,42.92,79.101
NZL,New Zealand,2015,43.57,80.078
NZL,New Zealand,2016,43.15,84.334
NZL,New Zealand,2017,43.66,81.219
NZL,New Zealand,2018,43.73,83.398
NZL,New Zealand,2019,43.75,82.423
NZL,New Zealand,2020,43.35,80.923
NZL,New Zealand,2021,43.55,81.722
NZL,New Zealand,2022,43.25,86.936
NZL,New Zealand,2023,42.89,89.625
NZL,New Zealand,2024,44.01,85.98
OMN,Oman,2010,19.81,0.0
OMN,Oman,2011,21.87,0.0
OMN,Oman,2012,25.02,0.0
OMN,Oman,2013,26.24,0.0
OMN,Oman,2014,29.13,0.0
OMN,Oman,2015,32.75,0.0
OMN,Oman,2016,34.23,0.0
OMN,Oman,2017,36.15,0.055
OMN,Oman,2018,37.76,0.132
OMN,Oman,2019,38.89,0.154
OMN,Oman,2020,38.2,0.262
OMN,Oman,2021,41.0,1.707
OMN,Oman,2022,42.4,4.481
OMN,Oman,2023,45.0,4.889
OMN,Oman,2024,49.1,4.888
PAK,Pakistan,2010,94.81,34.715
PAK,Pakistan,2011,95.1,31.298
PAK,Pakistan,2012,98.48,31.713
PAK,Pakistan,2013,105.3,32.189
PAK,Pakistan,2014,108.35,32.833
PAK,Pakistan,2015,113.25,33.647
PAK,Pakistan,2016,123.4,29.17
PAK,Pakistan,2017,130.92,25.038
PAK,Pakistan,2018,129.51,25.678
PAK,Pakistan,2019,135.48,30.214
PAK,Pakistan,2020,136.07,30.39
PAK,Pakistan,2021,148.82,29.281
PAK,Pakistan,2022,152.47,31.294
PAK,Pakistan,2023,148.491,36.545
PAK,Pakistan,2024,151.512,41.13
PAN,Panama,2010,7.41,57.046
PAN,Panama,2011,7.88,52.685
PAN,Panama,2012,8.57,62.95
PAN,Panama,2013,8.95,57.877
PAN,Panama,2014,9.39,55.806
PAN,Panama,2015,10.18,65.34
PAN,Panama,2016,10.51,66.636
PAN,Panama,2017,10.73,71.83
PAN,Panama,2018,10.89,77.768
PAN,Panama,2019,11.29,52.749
PAN,Panama,2020,10.49,75.686
PAN,Panama,2021,11.67,78.365
PAN,Panama,2022,11.93,77.224
PAN,Panama,2023,12.97,60.641
PAN,Panama,2024,13.29,67.982
PER,Peru,2010,35.78,57.704
PER,Peru,2011,39.24,56.768
PER,Peru,2012,39.96,55.255
PER,Peru,2013,43.51,53.942
PER,Peru,2014,45.72,52.373
PER,Peru,2015,48.22,52.724
PER,Peru,2016,51.61,50.397
PER,Peru,2017,52.73,58.604
PER,Peru,2018,54.64,61.131
PER,Peru,2019,56.93,60.542
PER,Peru,2020,53.03,63.484
PER,Peru,2021,57.03,61.572
PER,Peru,2022,59.94,55.242
PER,Peru,2023,60.9,54.378
PER,Peru,2024,59.32,60.111
PHL,The Philippines,2010,67.73,26.296
PHL,The Philippines,2011,69.15,28.662
PHL,The Philippines,2012,72.89,28.454
PHL,The Philippines,2013,75.23,26.412
PHL,The Philippines,2014,77.23,25.612
PHL,The Philippines,2015,82.4,25.413
PHL,The Philippines,2016,90.79,24.21
PHL,The Philippines,2017,94.36,24.555
PHL,The Philippines,2018,99.74,23.371
PHL,The Philippines,2019,106.03,20.787
PHL,The Philippines,2020,101.75,21.229
PHL,The Philippines,2021,105.76,22.135
PHL,The Philippines,2022,111.55,22.16
PHL,The Philippines,2023,116.73,21.426
PHL,The Philippines,2024,124.17,20.472
PNG,Papua New Guinea,2010,3.51,35.613
PNG,Papua New Guinea,2011,3.63,37.466
PNG,Papua New Guinea,2012,3.73,36.729
PNG,Papua New Guinea,2013,4.01,35.162
PNG,Papua New Guinea,2014,4.28,33.411
PNG,Papua New Guinea,2015,4.53,31.347
PNG,Papua New Guinea,2016,4.77,29.769
PNG,Papua New Guinea,2017,4.35,27.816
PNG,Papua New Guinea,2018,4.36,22.936
PNG,Papua New Guinea,2019,4.28,26.402
PNG,Papua New Guinea,2020,4.1,27.317
PNG,Papua New Guinea,2021,4.53,24.724
PNG,Papua New Guinea,2022,4.59,21.133
PNG,Papua New Guinea,2023,4.73,23.679
PNG,Papua New Guinea,2024,4.73,23.679
POL,Poland,2010,155.42,6.94
POL,Poland,2011,157.63,8.062
POL,Poland,2012,158.64,10.453
POL,Poland,2013,159.26,10.416
POL,Poland,2014,160.52,12.536
POL,Poland,2015,163.97,13.81
POL,Poland,2016,168.0,13.741
POL,Poland,2017,172.2,14.202
POL,Poland,2018,175.12,12.76
POL,Poland,2019,173.84,15.599
POL,Poland,2020,170.42,17.964
POL,Poland,2021,179.68,17.093
POL,Poland,2022,176.92,21.103
POL,Poland,2023,169.26,27.707
POL,Poland,2024,174.063,31.136
PRI,Puerto Rico,2010,23.25,0.688
PRI,Puerto Rico,2011,22.26,0.674
PRI,Puerto Rico,2012,22.3,0.538
PRI,Puerto Rico,2013,21.48,1.35
PRI,Puerto Rico,2014,21.06,1.662
PRI,Puerto Rico,2015,20.9,1.818
PRI,Puerto Rico,2016,20.64,1.89
PRI,Puerto Rico,2017,16.38,2.259
PRI,Puerto Rico,2018,17.69,2.657
PRI,Puerto Rico,2019,19.15,3.812
PRI,Puerto Rico,2020,19.07,3.985
PRI,Puerto Rico,2021,19.36,4.649
PRI,Puerto Rico,2022,19.9,5.377
PRI,Puerto Rico,2023,19.9,5.377
PRI,Puerto Rico,2024,20.0,6.0
PRK,North Korea,2010,23.57,56.3
PRK,North Korea,2011,20.87,62.626
PRK,North Korea,2012,21.36,62.547
PRK,North Korea,2013,21.97,62.676
PRK,North Korea,2014,21.48,59.963
PRK,North Korea,2015,18.93,52.456
PRK,North Korea,2016,23.81,53.381
PRK,North Korea,2017,23.43,50.491
PRK,North Korea,2018,24.83,51.269
PRK,North Korea,2019,23.88,46.399
PRK,North Korea,2020,24.1,53.527
PRK,North Korea,2021,25.63,63.324
PRK,North Korea,2022,26.55,63.089
PRK,North Korea,2023,26.72,62.687
PRK,North Korea,2024,27.1,63.358
PRT,Portugal,2010,56.1,53.01
PRT,Portugal,2011,54.59,46.562
PRT,Portugal,2012,53.33,42.628
PRT,Portugal,2013,53.13,58.53
PRT,Portugal,2014,52.7,60.946
PRT,Portugal,2015,53.41,47.634
PRT,Portugal,2016,53.96,54.699
PRT,Portugal,2017,54.91,39.208
PRT,Portugal,2018,55.69,50.403
PRT,Portugal,2019,55.0,53.12
PRT,Portugal,2020,52.85,58.591
PRT,Portugal,2021,53.97,64.08
PRT,Portugal,2022,55.58,59.594
PRT,Portugal,2023,56.37,74.469
PRT,Portugal,2024,57.759,85.197
PRY,Paraguay,2010,10.68,100.0
PRY,Paraguay,2011,11.5,100.0
PRY,Paraguay,2012,12.57,100.0
PRY,Paraguay,2013,13.15,100.0
PRY,Paraguay,2014,14.03,99.982
PRY,Paraguay,2015,14.76,100.0
PRY,Paraguay,2016,15.52,100.0
PRY,Paraguay,2017,16.19,100.0
PRY,Paraguay,2018,17.13,100.0
PRY,Paraguay,2019,17.84,100.0
PRY,Paraguay,2020,18.63,100.0
PRY,Paraguay,2021,19.12,100.0
PRY,Paraguay,2022,20.16,100.0
PRY,Paraguay,2023,22.65,100.0
PRY,Paraguay,2024,26.41,100.0
PSE,Palestine (State of),2010,4.63,0.0
PSE,Palestine (State of),2011,5.19,0.0
PSE,Palestine (State of),2012,5.37,0.0
PSE,Palestine (State of),2013,5.26,0.0
PSE,Palestine (State of),2014,5.28,0.0
PSE,Palestine (State of),2015,5.93,1.923
PSE,Palestine (State of),2016,6.0,7.547
PSE,Palestine (State of),2017,6.13,9.091
PSE,Palestine (State of),2018,6.34,14.286
PSE,Palestine (State of),2019,7.06,14.815
PSE,Palestine (State of),2020,7.36,21.429
PSE,Palestine (State of),2021,7.59,24.176
PSE,Palestine (State of),2022,7.72,33.333
PSE,Palestine (State of),2023,7.92,40.0
PSE,Palestine (State of),2024,7.99,39.394
PYF,French Polynesia,2010,0.79,34.177
PYF,French Polynesia,2011,0.74,31.081
PYF,French Polynesia,2012,0.72,29.167
PYF,French Polynesia,2013,0.68,25.0
PYF,French Polynesia,2014,0.68,29.412
PYF,French Polynesia,2015,0.68,29.412
PYF,French Polynesia,2016,0.68,30.882
PYF,French Polynesia,2017,0.69,31.884
PYF,French Polynesia,2018,0.68,29.412
PYF,French Polynesia,2019,0.69,28.986
PYF,French Polynesia,2020,0.66,30.303
PYF,French Polynesia,2021,0.66,28.788
PYF,French Polynesia,2022,0.71,33.803
PYF,French Polynesia,2023,0.71,33.803
PYF,French Polynesia,2024,0.72,34.722
QAT,Qatar,2010,28.14,0.0
QAT,Qatar,2011,30.73,0.0
QAT,Qatar,2012,34.8,0.029
QAT,Qatar,2013,34.75,0.23
QAT,Qatar,2014,38.8,0.284
QAT,Qatar,2015,41.63,0.312
QAT,Qatar,2016,42.44,0.306
QAT,Qatar,2017,45.7,0.306
QAT,Qatar,2018,48.06,0.312
QAT,Qatar,2019,50.0,0.26
QAT,Qatar,2020,49.4,0.283
QAT,Qatar,2021,51.79,0.29
QAT,Qatar,2022,54.75,1.315
QAT,Qatar,2023,56.38,3.565
QAT,Qatar,2024,56.68,4.023
REU,Reunion,2010,2.7,34.074
REU,Reunion,2011,2.75,30.182
REU,Reunion,2012,2.82,34.752
REU,Reunion,2013,2.82,37.943
REU,Reunion,2014,2.86,33.217
REU,Reunion,2015,2.9,36.207
REU,Reunion,2016,2.94,34.014
REU,Reunion,2017,2.98,32.215
REU,Reunion,2018,2.95,36.271
REU,Reunion,2019,3.05,31.148
REU,Reunion,2020,3.79,24.538
REU,Reunion,2021,3.09,28.155
REU,Reunion,2022,3.06,37.582
REU,Reunion,2023,3.07,56.678
ROU,Romania,2010,58.15,33.598
ROU,Romania,2011,59.89,26.408
ROU,Romania,2012,58.79,25.504
ROU,Romania,2013,56.17,34.628
ROU,Romania,2014,57.79,41.774
ROU,Romania,2015,58.93,39.887
ROU,Romania,2016,59.2,41.996
ROU,Romania,2017,60.65,38.228
ROU,Romania,2018,61.53,40.877
ROU,Romania,2019,60.28,41.916
ROU,Romania,2020,58.0,44.575
ROU,Romania,2021,60.76,44.98
ROU,Romania,2022,55.96,43.149
ROU,Romania,2023,53.93,49.798
ROU,Romania,2024,55.683,46.513
RUS,Russia,2010,1020.57,16.09
RUS,Russia,2011,1032.31,15.511
RUS,Russia,2012,1052.79,15.334
RUS,Russia,2013,1045.4,17.151
RUS,Russia,2014,1056.15,16.37
RUS,Russia,2015,1055.89,15.827
RUS,Russia,2016,1076.47,17.02
RUS,Russia,2017,1080.57,17.079
RUS,Russia,2018,1096.59,17.31
RUS,Russia,2019,1099.73,17.548
RUS,Russia,2020,1074.68,19.923
RUS,Russia,2021,1135.73,19.034
RUS,Russia,2022,1150.54,17.577
RUS,Russia,2023,1161.72,17.747
RUS,Russia,2024,1192.91,18.098
RWA,Rwanda,2010,0.36,39.286
RWA,Rwanda,2011,0.42,42.857
RWA,Rwanda,2012,0.48,46.154
RWA,Rwanda,2013,0.46,40.541
RWA,Rwanda,2014,0.5,48.78
RWA,Rwanda,2015,0.59,56.863
RWA,Rwanda,2016,0.71,50.0
RWA,Rwanda,2017,0.72,46.154
RWA,Rwanda,2018,0.91,41.463
RWA,Rwanda,2019,0.88,50.588
RWA,Rwanda,2020,0.91,62.921
RWA,Rwanda,2021,1.02,59.0
RWA,Rwanda,2022,1.06,57.692
RWA,Rwanda,2023,1.2,49.091
RWA,Rwanda,2024,1.22,49.558
SAU,Saudi Arabia,2010,248.77,0.0
SAU,Saudi Arabia,2011,259.08,0.004
SAU,Saudi Arabia,2012,281.58,0.011
SAU,Saudi Arabia,2013,294.67,0.014
SAU,Saudi Arabia,2014,328.15,0.015
SAU,Saudi Arabia,2015,350.59,0.014
SAU,Saudi Arabia,2016,356.94,0.014
SAU,Saudi Arabia,2017,394.96,0.018
SAU,Saudi Arabia,2018,374.74,0.043
SAU,Saudi Arabia,2019,378.85,0.058
SAU,Saudi Arabia,2020,380.53,0.242
SAU,Saudi Arabia,2021,392.91,0.254
SAU,Saudi Arabia,2022,409.8,0.49
SAU,Saudi Arabia,2023,429.21,1.1
SAU,Saudi Arabia,2024,454.59,2.16
SDN,Sudan,2010,7.58,82.85
SDN,Sudan,2011,8.51,76.616
SDN,Sudan,2012,9.57,70.316
SDN,Sudan,2013,10.67,80.966
SDN,Sudan,2014,11.85,78.44
SDN,Sudan,2015,13.22,64.629
SDN,Sudan,2016,15.01,56.211
SDN,Sudan,2017,16.59,60.51
SDN,Sudan,2018,17.2,59.756
SDN,Sudan,2019,16.43,63.748
SDN,Sudan,2020,17.93,64.826
SDN,Sudan,2021,18.63,62.655
SDN,Sudan,2022,17.66,71.752
SDN,Sudan,2023,15.16,80.979
SDN,Sudan,2024,15.57,79.689
SEN,Senegal,2010,3.48,9.907
SEN,Senegal,2011,3.55,10.03
SEN,Senegal,2012,3.91,9.392
SEN,Senegal,2013,4.12,9.711
SEN,Senegal,2014,4.5,9.091
SEN,Senegal,2015,4.77,9.009
SEN,Senegal,2016,5.14,8.996
SEN,Senegal,2017,5.05,11.229
SEN,Senegal,2018,5.26,14.17
SEN,Senegal,2019,6.14,13.402
SEN,Senegal,2020,6.42,16.832
SEN,Senegal,2021,6.97,20.27
SEN,Senegal,2022,7.65,19.693
SEN,Senegal,2023,8.74,16.951
SEN,Senegal,2024,8.13,19.79
SGP,Singapore,2010,45.36,2.601
SGP,Singapore,2011,46.0,2.609
SGP,Singapore,2012,46.94,2.706
SGP,Singapore,2013,47.97,3.523
SGP,Singapore,2014,49.3,2.799
SGP,Singapore,2015,50.28,2.904
SGP,Singapore,2016,51.59,2.908
SGP,Singapore,2017,52.28,2.888
SGP,Singapore,2018,52.97,2.813
SGP,Singapore,2019,54.14,2.789
SGP,Singapore,2020,53.07,2.808
SGP,Singapore,2021,55.79,2.904
SGP,Singapore,2022,57.1,4.093
SGP,Singapore,2023,57.371,4.529
SGP,Singapore,2024,59.603,4.931
SLB,Solomon Islands,2010,0.08,0.0
SLB,Solomon Islands,2011,0.08,0.0
SLB,Solomon Islands,2012,0.08,0.0
SLB,Solomon Islands,2013,0.08,0.0
SLB,Solomon Islands,2014,0.09,0.0
SLB,Solomon Islands,2015,0.09,0.0
SLB,Solomon Islands,2016,0.1,0.0
SLB,Solomon Islands,2017,0.1,0.0
SLB,Solomon Islands,2018,0.1,0.0
SLB,Solomon Islands,2019,0.1,0.0
SLB,Solomon Islands,2020,0.1,0.0
SLB,Solomon Islands,2021,0.1,0.0
SLB,Solomon Islands,2022,0.11,9.091
SLB,Solomon Islands,2023,0.11,9.091
SLB,Solomon Islands,2024,0.11,9.091
SLE,Sierra Leone,2010,0.14,85.714
SLE,Sierra Leone,2011,0.17,88.235
SLE,Sierra Leone,2012,0.18,66.667
SLE,Sierra Leone,2013,0.16,62.5
SLE,Sierra Leone,2014,0.15,80.0
SLE,Sierra Leone,2015,0.16,75.0
SLE,Sierra Leone,2016,0.21,61.905
SLE,Sierra Leone,2017,0.23,60.87
SLE,Sierra Leone,2018,0.27,66.667
SLE,Sierra Leone,2019,0.2,95.0
SLE,Sierra Leone,2020,0.2,95.0
SLE,Sierra Leone,2021,0.2,95.0
SLE,Sierra Leone,2022,0.2,95.0
SLE,Sierra Leone,2023,0.21,95.238
SLE,Sierra Leone,2024,0.21,95.238
SLV,El Salvador,2010,6.14,65.455
SLV,El Salvador,2011,6.28,63.533
SLV,El Salvador,2012,6.39,60.635
SLV,El Salvador,2013,6.51,60.759
SLV,El Salvador,2014,6.68,60.159
SLV,El Salvador,2015,6.97,58.32
SLV,El Salvador,2016,7.15,59.416
SLV,El Salvador,2017,7.14,74.775
SLV,El Salvador,2018,7.2,77.941
SLV,El Salvador,2019,7.46,71.475
SLV,El Salvador,2020,7.07,84.759
SLV,El Salvador,2021,8.37,86.037
SLV,El Salvador,2022,7.25,90.799
SLV,El Salvador,2023,5.59,87.793
SLV,El Salvador,2024,6.198,90.835
SOM,Somalia,2010,0.33,0.0
SOM,Somalia,2011,0.33,0.0
SOM,Somalia,2012,0.34,0.0
SOM,Somalia,2013,0.35,0.0
SOM,Somalia,2014,0.35,0.0
SOM,Somalia,2015,0.35,0.0
SOM,Somalia,2016,0.36,2.778
SOM,Somalia,2017,0.37,5.405
SOM,Somalia,2018,0.37,5.405
SOM,Somalia,2019,0.37,5.405
SOM,Somalia,2020,0.37,8.108
SOM,Somalia,2021,0.38,10.526
SOM,Somalia,2022,0.42,19.048
SOM,Somalia,2023,0.42,19.048
SOM,Somalia,2024,0.43,20.93
SPM,Saint Pierre and Miquelon,2010,0.04,0.0
SPM,Saint Pierre and Miquelon,2011,0.04,0.0
SPM,Saint Pierre and Miquelon,2012,0.04,0.0
SPM,Saint Pierre and Miquelon,2013,0.05,0.0
SPM,Saint Pierre and Miquelon,2014,0.05,0.0
SPM,Saint Pierre and Miquelon,2015,0.05,0.0
SPM,Saint Pierre and Miquelon,2016,0.05,0.0
SPM,Saint Pierre and Miquelon,2017,0.05,0.0
SPM,Saint Pierre and Miquelon,2018,0.05,0.0
SPM,Saint Pierre and Miquelon,2019,0.05,0.0
SPM,Saint Pierre and Miquelon,2020,0.05,0.0
SPM,Saint Pierre and Miquelon,2021,0.05,0.0
SPM,Saint Pierre and Miquelon,2022,0.05,0.0
SPM,Saint Pierre and Miquelon,2023,0.05,0.0
SRB,Serbia,2010,37.12,31.774
SRB,Serbia,2011,37.74,22.804
SRB,Serbia,2012,36.58,25.698
SRB,Serbia,2013,36.69,26.051
SRB,Serbia,2014,35.0,32.984
SRB,Serbia,2015,36.67,26.895
SRB,Serbia,2016,36.69,28.127
SRB,Serbia,2017,37.27,25.494
SRB,Serbia,2018,36.79,29.725
SRB,Serbia,2019,36.94,28.513
SRB,Serbia,2020,36.57,27.327
SRB,Serbia,2021,38.11,33.502
SRB,Serbia,2022,37.59,28.186
SRB,Serbia,2023,37.14,34.961
SRB,Serbia,2024,37.48,32.062
SSD,South Sudan,2012,0.44,0.0
SSD,South Sudan,2013,0.47,0.0
SSD,South Sudan,2014,0.48,0.0
SSD,South Sudan,2015,0.58,0.0
SSD,South Sudan,2016,0.52,0.0
SSD,South Sudan,2017,0.54,0.0
SSD,South Sudan,2018,0.54,0.0
SSD,South Sudan,2019,0.55,0.0
SSD,South Sudan,2020,0.56,1.786
SSD,South Sudan,2021,0.57,1.754
SSD,South Sudan,2022,0.51,1.961
SSD,South Sudan,2023,0.56,1.786
SSD,South Sudan,2024,0.56,1.786
STP,Sao Tome and Principe,2010,0.05,0.0
STP,Sao Tome and Principe,2011,0.07,14.286
STP,Sao Tome and Principe,2012,0.08,12.5
STP,Sao Tome and Principe,2013,0.07,14.286
STP,Sao Tome and Principe,2014,0.08,12.5
STP,Sao Tome and Principe,2015,0.1,10.0
STP,Sao Tome and Principe,2016,0.11,9.091
STP,Sao Tome and Principe,2017,0.1,0.0
STP,Sao Tome and Principe,2018,0.1,0.0
STP,Sao Tome and Principe,2019,0.11,9.091
STP,Sao Tome and Principe,2020,0.11,9.091
STP,Sao Tome and Principe,2021,0.11,9.091
STP,Sao Tome and Principe,2022,0.09,11.111
STP,Sao Tome and Principe,2023,0.09,11.111
SUR,Suriname,2010,1.96,61.224
SUR,Suriname,2011,1.53,67.32
SUR,Suriname,2012,1.67,49.102
SUR,Suriname,2013,1.76,47.159
SUR,Suriname,2014,1.82,30.22
SUR,Suriname,2015,1.86,26.344
SUR,Suriname,2016,1.82,43.956
SUR,Suriname,2017,1.81,51.934
SUR,Suriname,2018,1.9,53.158
SUR,Suriname,2019,2.04,47.549
SUR,Suriname,2020,2.05,48.293
SUR,Suriname,2021,2.09,48.325
SUR,Suriname,2022,2.11,44.55
SUR,Suriname,2023,1.73,53.179
SUR,Suriname,2024,1.74,52.874
SVK,Slovakia,2010,28.5,21.668
SVK,Slovakia,2011,29.01,17.68
SVK,Slovakia,2012,28.69,19.329
SVK,Slovakia,2013,28.59,22.316
SVK,Slovakia,2014,28.23,23.0
SVK,Slovakia,2015,29.01,22.727
SVK,Slovakia,2016,29.45,24.739
SVK,Slovakia,2017,30.45,23.851
SVK,Slovakia,2018,30.34,21.793
SVK,Slovakia,2019,29.91,23.573
SVK,Slovakia,2020,28.83,24.027
SVK,Slovakia,2021,30.47,22.795
SVK,Slovakia,2022,27.95,21.929
SVK,Slovakia,2023,26.11,22.723
SVK,Slovakia,2024,26.57,24.051
SVN,Slovenia,2010,14.14,29.213
SVN,Slovenia,2011,14.55,24.372
SVN,Slovenia,2012,14.51,27.846
SVN,Slovenia,2013,14.51,32.342
SVN,Slovenia,2014,14.41,38.484
SVN,Slovenia,2015,14.75,29.392
SVN,Slovenia,2016,15.05,31.177
SVN,Slovenia,2017,15.53,27.664
SVN,Slovenia,2018,15.62,32.382
SVN,Slovenia,2019,15.57,31.718
SVN,Slovenia,2020,14.89,33.037
SVN,Slovenia,2021,15.32,34.894
SVN,Slovenia,2022,14.81,30.464
SVN,Slovenia,2023,14.04,40.514
SVN,Slovenia,2024,14.302,41.121
SWE,Sweden,2010,150.53,55.298
SWE,Sweden,2011,143.05,55.956
SWE,Sweden,2012,146.87,59.066
SWE,Sweden,2013,143.03,54.035
SWE,Sweden,2014,137.94,55.841
SWE,Sweden,2015,139.4,63.272
SWE,Sweden,2016,144.16,57.175
SWE,Sweden,2017,145.24,57.882
SWE,Sweden,2018,146.14,55.797
SWE,Sweden,2019,142.26,58.746
SWE,Sweden,2020,138.78,68.47
SWE,Sweden,2021,146.21,67.383
SWE,Sweden,2022,139.83,68.321
SWE,Sweden,2023,137.56,69.407
SWE,Sweden,2024,138.583,69.335
SWZ,Eswatini,2010,1.55,97.297
SWZ,Eswatini,2011,1.39,96.552
SWZ,Eswatini,2012,1.34,92.308
SWZ,Eswatini,2013,1.46,93.333
SWZ,Eswatini,2014,1.46,95.833
SWZ,Eswatini,2015,1.46,94.737
SWZ,Eswatini,2016,1.42,91.667
SWZ,Eswatini,2017,1.45,95.349
SWZ,Eswatini,2018,1.43,95.918
SWZ,Eswatini,2019,1.53,91.837
SWZ,Eswatini,2020,1.4,95.918
SWZ,Eswatini,2021,1.41,96.078
SWZ,Eswatini,2022,1.47,96.364
SWZ,Eswatini,2023,1.7,96.97
SWZ,Eswatini,2024,1.65,96.721
SYC,Seychelles,2010,0.38,0.0
SYC,Seychelles,2011,0.4,0.0
SYC,Seychelles,2012,0.41,0.0
SYC,Seychelles,2013,0.44,2.273
SYC,Seychelles,2014,0.45,2.222
SYC,Seychelles,2015,0.46,2.174
SYC,Seychelles,2016,0.5,2.0
SYC,Seychelles,2017,0.51,1.961
SYC,Seychelles,2018,0.52,1.923
SYC,Seychelles,2019,0.57,7.018
SYC,Seychelles,2020,0.59,11.864
SYC,Seychelles,2021,0.6,13.333
SYC,Seychelles,2022,0.62,14.516
SYC,Seychelles,2023,0.62,14.516
SYC,Seychelles,2024,0.63,15.873
SYR,Syria,2010,46.09,5.642
SYR,Syria,2011,41.55,7.242
SYR,Syria,2012,32.27,9.266
SYR,Syria,2013,24.64,12.038
SYR,Syria,2014,21.11,11.153
SYR,Syria,2015,17.75,2.443
SYR,Syria,2016,18.1,5.283
SYR,Syria,2017,17.9,4.23
SYR,Syria,2018,21.78,3.495
SYR,Syria,2019,21.97,3.495
SYR,Syria,2020,20.71,3.804
SYR,Syria,2021,21.36,3.869
SYR,Syria,2022,19.72,4.382
SYR,Syria,2023,24.38,3.517
SYR,Syria,2024,24.28,3.537
TCA,Turks and Caicos Islands,2010,0.21,0.0
TCA,Turks and Caicos Islands,2011,0.21,0.0
TCA,Turks and Caicos Islands,2012,0.21,0.0
TCA,Turks and Caicos Islands,2013,0.21,0.0
TCA,Turks and Caicos Islands,2014,0.23,0.0
TCA,Turks and Caicos Islands,2015,0.23,0.0
TCA,Turks and Caicos Islands,2016,0.25,0.0
TCA,Turks and Caicos Islands,2017,0.29,0.0
TCA,Turks and Caicos Islands,2018,0.26,0.0
TCA,Turks and Caicos Islands,2019,0.26,0.0
TCA,Turks and Caicos Islands,2020,0.25,0.0
TCA,Turks and Caicos Islands,2021,0.26,0.0
TCA,Turks and Caicos Islands,2022,0.26,0.0
TCA,Turks and Caicos Islands,2023,0.26,0.0
TCA,Turks and Caicos Islands,2024,0.27,3.704
TCD,Chad,2010,0.19,0.0
TCD,Chad,2011,0.2,0.0
TCD,Chad,2012,0.24,4.167
TCD,Chad,2013,0.28,3.571
TCD,Chad,2014,0.3,3.333
TCD,Chad,2015,0.3,3.333
TCD,Chad,2016,0.31,6.452
TCD,Chad,2017,0.32,6.25
TCD,Chad,2018,0.34,5.882
TCD,Chad,2019,0.35,5.714
TCD,Chad,2020,0.35,5.714
TCD,Chad,2021,0.43,4.651
TCD,Chad,2022,0.39,5.128
TCD,Chad,2023,0.36,5.556
TCD,Chad,2024,0.37,5.405
TGO,Togo,2010,0.93,40.909
TGO,Togo,2011,1.06,47.619
TGO,Togo,2012,1.28,28.125
TGO,Togo,2013,0.98,12.5
TGO,Togo,2014,1.82,34.286
TGO,Togo,2015,1.01,13.636
TGO,Togo,2016,1.69,21.277
TGO,Togo,2017,1.55,25.926
TGO,Togo,2018,1.48,35.0
TGO,Togo,2019,1.45,21.311
TGO,Togo,2020,1.42,14.754
TGO,Togo,2021,1.51,22.535
TGO,Togo,2022,2.03,20.0
TGO,Togo,2023,2.25,26.761
TGO,Togo,2024,2.21,29.577
THA,Thailand,2010,163.51,5.566
THA,Thailand,2011,162.74,7.828
THA,Thailand,2012,177.58,8.079
THA,Thailand,2013,179.93,7.501
THA,Thailand,2014,183.95,8.178
THA,Thailand,2015,189.98,7.766
THA,Thailand,2016,198.21,8.937
THA,Thailand,2017,200.05,11.107
THA,Thailand,2018,203.34,14.356
THA,Thailand,2019,209.17,14.862
THA,Thailand,2020,203.41,14.211
THA,Thailand,2021,207.75,15.009
THA,Thailand,2022,213.78,15.79
THA,Thailand,2023,221.03,15.624
THA,Thailand,2024,231.93,14.841
TJK,Tajikistan,2010,16.59,99.757
TJK,Tajikistan,2011,16.21,99.754
TJK,Tajikistan,2012,16.31,99.588
TJK,Tajikistan,2013,16.17,99.766
TJK,Tajikistan,2014,14.87,99.01
TJK,Tajikistan,2015,15.82,99.068
TJK,Tajikistan,2016,15.91,96.462
TJK,Tajikistan,2017,16.8,94.589
TJK,Tajikistan,2018,17.35,93.161
TJK,Tajikistan,2019,18.07,91.46
TJK,Tajikistan,2020,18.61,90.1
TJK,Tajikistan,2021,18.3,90.058
TJK,Tajikistan,2022,18.94,92.694
TJK,Tajikistan,2023,18.71,94.206
TJK,Tajikistan,2024,19.6,94.595
TKM,Turkmenistan,2010,14.25,0.0
TKM,Turkmenistan,2011,14.67,0.0
TKM,Turkmenistan,2012,15.03,0.0
TKM,Turkmenistan,2013,16.02,0.0
TKM,Turkmenistan,2014,17.19,0.0
TKM,Turkmenistan,2015,19.33,0.0
TKM,Turkmenistan,2016,19.33,0.0
TKM,Turkmenistan,2017,20.69,0.0
TKM,Turkmenistan,2018,22.16,0.0
TKM,Turkmenistan,2019,19.3,0.0
TKM,Turkmenistan,2020,22.56,0.0
TKM,Turkmenistan,2021,25.2,0.035
TKM,Turkmenistan,2022,23.6,0.031
TKM,Turkmenistan,2023,23.6,0.031
TKM,Turkmenistan,2024,24.01,0.03
TON,Tonga,2010,0.05,0.0
TON,Tonga,2011,0.05,0.0
TON,Tonga,2012,0.05,0.0
TON,Tonga,2013,0.05,0.0
TON,Tonga,2014,0.05,0.0
TON,Tonga,2015,0.05,0.0
TON,Tonga,2016,0.06,0.0
TON,Tonga,2017,0.07,14.286
TON,Tonga,2018,0.07,14.286
TON,Tonga,2019,0.07,14.286
TON,Tonga,2020,0.07,14.286
TON,Tonga,2021,0.07,14.286
TON,Tonga,2022,0.08,12.5
TON,Tonga,2023,0.07,14.286
TON,Tonga,2024,0.07,14.286
TTO,Trinidad and Tobago,2010,8.48,0.0
TTO,Trinidad and Tobago,2011,8.76,0.0
TTO,Trinidad and Tobago,2012,9.12,0.0
TTO,Trinidad and Tobago,2013,9.5,0.0
TTO,Trinidad and Tobago,2014,9.41,0.0
TTO,Trinidad and Tobago,2015,9.57,0.104
TTO,Trinidad and Tobago,2016,9.42,0.106
TTO,Trinidad and Tobago,2017,9.32,0.107
TTO,Trinidad and Tobago,2018,9.23,0.108
TTO,Trinidad and Tobago,2019,9.2,0.109
TTO,Trinidad and Tobago,2020,9.23,0.108
TTO,Trinidad and Tobago,2021,9.27,0.108
TTO,Trinidad and Tobago,2022,9.5,0.105
TTO,Trinidad and Tobago,2023,9.52,0.105
TTO,Trinidad and Tobago,2024,9.55,0.105
TUN,Tunisia,2010,15.91,1.196
TUN,Tunisia,2011,16.27,0.982
TUN,Tunisia,2012,17.8,1.738
TUN,Tunisia,2013,18.08,2.37
TUN,Tunisia,2014,18.88,3.11
TUN,Tunisia,2015,19.38,2.977
TUN,Tunisia,2016,19.51,3.209
TUN,Tunisia,2017,20.55,2.915
TUN,Tunisia,2018,20.82,2.629
TUN,Tunisia,2019,21.86,3.134
TUN,Tunisia,2020,20.78,3.134
TUN,Tunisia,2021,22.93,3.105
TUN,Tunisia,2022,23.98,3.036
TUN,Tunisia,2023,23.78,3.947
TUN,Tunisia,2024,23.96,4.399
TUR,Türkiye,2010,210.41,26.385
TUR,Türkiye,2011,230.3,25.324
TUR,Türkiye,2012,242.36,27.229
TUR,Türkiye,2013,246.35,28.824
TUR,Türkiye,2014,257.21,20.885
TUR,Türkiye,2015,265.71,31.956
TUR,Türkiye,2016,279.28,32.886
TUR,Türkiye,2017,296.71,29.345
TUR,Türkiye,2018,299.52,32.257
TUR,Türkiye,2019,299.6,43.797
TUR,Türkiye,2020,301.41,42.162
TUR,Türkiye,2021,326.03,35.4
TUR,Türkiye,2022,323.29,41.911
TUR,Türkiye,2023,323.81,42.009
TUR,Türkiye,2024,340.24,45.614
TWN,Taiwan (China),2010,247.05,2.862
TWN,Taiwan (China),2011,252.15,2.927
TWN,Taiwan (China),2012,250.37,3.623
TWN,Taiwan (China),2013,252.33,3.658
TWN,Taiwan (China),2014,259.97,3.181
TWN,Taiwan (China),2015,258.14,3.405
TWN,Taiwan (China),2016,264.12,4.18
TWN,Taiwan (China),2017,270.26,3.959
TWN,Taiwan (China),2018,275.53,3.941
TWN,Taiwan (China),2019,274.18,4.902
TWN,Taiwan (China),2020,279.99,4.786
TWN,Taiwan (China),2021,291.03,5.402
TWN,Taiwan (China),2022,288.19,7.665
TWN,Taiwan (China),2023,282.28,8.899
TWN,Taiwan (China),2024,288.56,10.92
TZA,Tanzania (the United Republic of),2010,5.39,52.158
TZA,Tanzania (the United Republic of),2011,5.22,40.039
TZA,Tanzania (the United Republic of),2012,5.73,32.451
TZA,Tanzania (the United Republic of),2013,6.05,30.05
TZA,Tanzania (the United Republic of),2014,6.32,42.652
TZA,Tanzania (the United Republic of),2015,6.6,33.538
TZA,Tanzania (the United Republic of),2016,6.92,36.217
TZA,Tanzania (the United Republic of),2017,7.18,34.795
TZA,Tanzania (the United Republic of),2018,7.43,31.737
TZA,Tanzania (the United Republic of),2019,7.88,33.205
TZA,Tanzania (the United Republic of),2020,7.94,41.379
TZA,Tanzania (the United Republic of),2021,8.79,36.879
TZA,Tanzania (the United Republic of),2022,9.77,30.353
TZA,Tanzania (the United Republic of),2023,10.76,26.49
TZA,Tanzania (the United Republic of),2024,9.03,32.919
UGA,Uganda,2010,2.7,59.489
UGA,Uganda,2011,2.61,61.278
UGA,Uganda,2012,2.84,90.0
UGA,Uganda,2013,3.01,100.0
UGA,Uganda,2014,3.1,97.214
UGA,Uganda,2015,3.48,97.746
UGA,Uganda,2016,3.65,98.143
UGA,Uganda,2017,3.49,98.148
UGA,Uganda,2018,4.1,92.791
UGA,Uganda,2019,4.3,96.943
UGA,Uganda,2020,4.4,97.391
UGA,Uganda,2021,4.9,97.533
UGA,Uganda,2022,5.34,97.391
UGA,Uganda,2023,5.33,97.054
UGA,Uganda,2024,5.37,97.074
UKR,Ukraine,2010,184.76,7.091
UKR,Ukraine,2011,188.66,5.74
UKR,Ukraine,2012,187.41,5.647
UKR,Ukraine,2013,184.48,7.774
UKR,Ukraine,2014,174.39,5.563
UKR,Ukraine,2015,162.33,4.338
UKR,Ukraine,2016,160.83,5.626
UKR,Ukraine,2017,150.86,6.96
UKR,Ukraine,2018,153.79,8.151
UKR,Ukraine,2019,150.1,7.701
UKR,Ukraine,2020,145.37,11.469
UKR,Ukraine,2021,154.4,13.852
UKR,Ukraine,2022,111.856,16.411
URY,Uruguay,2010,10.42,89.199
URY,Uruguay,2011,10.8,74.662
URY,Uruguay,2012,11.15,64.623
URY,Uruguay,2013,11.45,84.134
URY,Uruguay,2014,11.71,94.761
URY,Uruguay,2015,12.42,93.159
URY,Uruguay,2016,13.12,96.828
URY,Uruguay,2017,12.89,98.467
URY,Uruguay,2018,13.43,97.536
URY,Uruguay,2019,13.06,98.258
URY,Uruguay,2020,12.94,94.031
URY,Uruguay,2021,13.2,84.615
URY,Uruguay,2022,13.5,90.781
URY,Uruguay,2023,13.97,92.434
URY,Uruguay,2024,14.52,98.878
USA,United States,2010,4139.92,10.318
USA,United States,2011,4126.12,12.467
USA,United States,2012,4087.93,12.184
USA,United States,2013,4113.49,12.831
USA,United States,2014,4149.22,13.35
USA,United States,2015,4150.66,13.626
USA,United States,2016,4154.06,15.288
USA,United States,2017,4108.62,17.452
USA,United States,2018,4246.01,17.45
USA,United States,2019,4197.42,18.295
USA,United States,2020,4090.49,20.316
USA,United States,2021,4192.93,20.743
USA,United States,2022,4328.1,22.35
USA,United States,2023,4272.81,22.679
USA,United States,2024,4404.83,24.063
UZB,Uzbekistan,2010,50.8,15.759
UZB,Uzbekistan,2011,52.07,10.795
UZB,Uzbekistan,2012,52.33,12.547
UZB,Uzbekistan,2013,53.73,10.438
UZB,Uzbekistan,2014,54.97,10.888
UZB,Uzbekistan,2015,56.12,11.879
UZB,Uzbekistan,2016,57.21,11.685
UZB,Uzbekistan,2017,60.2,13.051
UZB,Uzbekistan,2018,62.76,9.359
UZB,Uzbekistan,2019,64.87,10.179
UZB,Uzbekistan,2020,69.05,7.53
UZB,Uzbekistan,2021,75.03,7.027
UZB,Uzbekistan,2022,77.4,9.218
UZB,Uzbekistan,2023,79.73,9.896
UZB,Uzbekistan,2024,84.43,15.951
VCT,Saint Vincent and the Grenadines,2010,0.15,20.0
VCT,Saint Vincent and the Grenadines,2011,0.14,21.429
VCT,Saint Vincent and the Grenadines,2012,0.15,20.0
VCT,Saint Vincent and the Grenadines,2013,0.14,14.286
VCT,Saint Vincent and the Grenadines,2014,0.14,7.143
VCT,Saint Vincent and the Grenadines,2015,0.15,13.333
VCT,Saint Vincent and the Grenadines,2016,0.16,12.5
VCT,Saint Vincent and the Grenadines,2017,0.15,13.333
VCT,Saint Vincent and the Grenadines,2018,0.15,13.333
VCT,Saint Vincent and the Grenadines,2019,0.15,13.333
VCT,Saint Vincent and the Grenadines,2020,0.15,13.333
VCT,Saint Vincent and the Grenadines,2021,0.14,14.286
VCT,Saint Vincent and the Grenadines,2022,0.15,13.333
VCT,Saint Vincent and the Grenadines,2023,0.15,13.333
VCT,Saint Vincent and the Grenadines,2024,0.15,13.333
VEN,Venezuela,2010,113.3,67.493
VEN,Venezuela,2011,117.47,70.931
VEN,Venezuela,2012,127.97,63.954
VEN,Venezuela,2013,135.0,61.889
VEN,Venezuela,2014,114.36,55.871
VEN,Venezuela,2015,126.55,58.814
VEN,Venezuela,2016,115.83,53.925
VEN,Venezuela,2017,102.74,58.391
VEN,Venezuela,2018,98.69,58.369
VEN,Venezuela,2019,84.28,58.379
VEN,Venezuela,2020,79.86,77.68
VEN,Venezuela,2021,82.93,79.235
VEN,Venezuela,2022,82.36,78.363
VEN,Venezuela,2023,71.96,90.342
VEN,Venezuela,2024,80.13,91.139
VGB,Virgin Islands (British),2010,0.2,0.0
VGB,Virgin Islands (British),2011,0.19,0.0
VGB,Virgin Islands (British),2012,0.2,0.0
VGB,Virgin Islands (British),2013,0.2,0.0
VGB,Virgin Islands (British),2014,0.2,0.0
VGB,Virgin Islands (British),2015,0.21,0.0
VGB,Virgin Islands (British),2016,0.22,0.0
VGB,Virgin Islands (British),2017,0.17,0.0
VGB,Virgin Islands (British),2018,0.16,0.0
VGB,Virgin Islands (British),2019,0.16,0.0
VGB,Virgin Islands (British),2020,0.16,0.0
VGB,Virgin Islands (British),2021,0.17,0.0
VGB,Virgin Islands (British),2022,0.17,0.0
VGB,Virgin Islands (British),2023,0.17,0.0
VIR,Virgin Islands (U.S.),2010,0.96,0.0
VIR,Virgin Islands (U.S.),2011,0.95,0.0
VIR,Virgin Islands (U.S.),2012,0.87,0.0
VIR,Virgin Islands (U.S.),2013,0.82,0.0
VIR,Virgin Islands (U.S.),2014,0.78,1.282
VIR,Virgin Islands (U.S.),2015,0.78,1.282
VIR,Virgin Islands (U.S.),2016,0.77,1.299
VIR,Virgin Islands (U.S.),2017,0.6,1.667
VIR,Virgin Islands (U.S.),2018,0.62,1.613
VIR,Virgin Islands (U.S.),2019,0.66,1.515
VIR,Virgin Islands (U.S.),2020,0.64,1.562
VIR,Virgin Islands (U.S.),2021,0.66,3.03
VIR,Virgin Islands (U.S.),2022,0.68,2.941
VIR,Virgin Islands (U.S.),2023,0.68,2.941
VNM,Viet Nam,2010,96.36,31.204
VNM,Viet Nam,2011,105.38,40.577
VNM,Viet Nam,2012,116.61,46.388
VNM,Viet Nam,2013,126.79,46.569
VNM,Viet Nam,2014,142.69,44.106
VNM,Viet Nam,2015,162.91,34.78
VNM,Viet Nam,2016,180.5,35.871
VNM,Viet Nam,2017,195.43,44.428
VNM,Viet Nam,2018,218.8,38.714
VNM,Viet Nam,2019,238.14,30.398
VNM,Viet Nam,2020,245.51,34.816
VNM,Viet Nam,2021,254.43,42.774
VNM,Viet Nam,2022,267.43,49.462
VNM,Viet Nam,2023,280.07,42.941
VNM,Viet Nam,2024,307.18,42.282
VUT,Vanuatu,2010,0.06,0.0
VUT,Vanuatu,2011,0.06,0.0
VUT,Vanuatu,2012,0.06,0.0
VUT,Vanuatu,2013,0.07,14.286
VUT,Vanuatu,2014,0.07,14.286
VUT,Vanuatu,2015,0.06,16.667
VUT,Vanuatu,2016,0.07,14.286
VUT,Vanuatu,2017,0.06,0.0
VUT,Vanuatu,2018,0.08,25.0
VUT,Vanuatu,2019,0.09,33.333
VUT,Vanuatu,2020,0.09,33.333
VUT,Vanuatu,2021,0.08,25.0
VUT,Vanuatu,2022,0.08,25.0
VUT,Vanuatu,2023,0.08,25.0
WRL,World,2010,21310.699,19.706
WRL,World,2011,22027.122,19.993
WRL,World,2012,22577.478,20.949
WRL,World,2013,23222.306,21.668
WRL,World,2014,23791.633,22.222
WRL,World,2015,24044.333,22.923
WRL,World,2016,24724.776,23.699
WRL,World,2017,25475.531,24.4
WRL,World,2018,26507.498,24.997
WRL,World,2019,26887.022,25.944
WRL,World,2020,26766.09,27.822
WRL,World,2021,28304.406,27.874
WRL,World,2022,28960.067,29.207
WRL,World,2023,29722.838,30.024
WRL,World,2024,30990.182,31.641
WSM,Samoa,2010,0.12,41.667
WSM,Samoa,2011,0.13,38.462
WSM,Samoa,2012,0.11,36.364
WSM,Samoa,2013,0.12,25.0
WSM,Samoa,2014,0.13,23.077
WSM,Samoa,2015,0.13,30.769
WSM,Samoa,2016,0.15,33.333
WSM,Samoa,2017,0.16,31.25
WSM,Samoa,2018,0.15,40.0
WSM,Samoa,2019,0.17,41.176
WSM,Samoa,2020,0.18,38.889
WSM,Samoa,2021,0.17,47.059
WSM,Samoa,2022,0.16,43.75
WSM,Samoa,2023,0.15,40.0
WSM,Samoa,2024,0.16,43.75
XKX,Kosovo,2010,5.64,3.095
XKX,Kosovo,2011,6.22,1.724
XKX,Kosovo,2012,6.09,1.684
XKX,Kosovo,2013,6.18,2.147
XKX,Kosovo,2014,5.92,2.762
XKX,Kosovo,2015,6.24,2.291
XKX,Kosovo,2016,5.47,4.181
XKX,Kosovo,2017,6.28,3.041
XKX,Kosovo,2018,6.06,5.076
XKX,Kosovo,2019,6.37,4.882
XKX,Kosovo,2020,6.38,5.373
XKX,Kosovo,2021,7.6,6.512
XKX,Kosovo,2022,7.46,6.512
XKX,Kosovo,2023,7.35,12.618
XKX,Kosovo,2024,7.29,8.593
YEM,Yemen,2010,7.76,0.0
YEM,Yemen,2011,6.21,0.0
YEM,Yemen,2012,7.07,0.0
YEM,Yemen,2013,8.5,0.0
YEM,Yemen,2014,7.66,0.131
YEM,Yemen,2015,5.76,2.083
YEM,Yemen,2016,4.81,3.326
YEM,Yemen,2017,4.05,4.691
YEM,Yemen,2018,3.49,13.754
YEM,Yemen,2019,3.28,14.634
YEM,Yemen,2020,2.94,16.667
YEM,Yemen,2021,2.92,17.123
YEM,Yemen,2022,3.03,16.832
YEM,Yemen,2023,5.12,10.156
YEM,Yemen,2024,5.25,11.238
ZAF,South Africa,2010,257.12,0.613
ZAF,South Africa,2011,259.41,1.345
ZAF,South Africa,2012,252.84,0.586
ZAF,South Africa,2013,251.45,0.652
ZAF,South Africa,2014,252.11,1.692
ZAF,South Africa,2015,248.5,2.607
ZAF,South Africa,2016,246.82,3.232
ZAF,South Africa,2017,248.51,4.754
ZAF,South Africa,2018,251.6,4.869
ZAF,South Africa,2019,247.9,5.216
ZAF,South Africa,2020,236.92,6.343
ZAF,South Africa,2021,241.89,7.708
ZAF,South Africa,2022,237.66,9.876
ZAF,South Africa,2023,232.4,12.398
ZAF,South Africa,2024,246.22,12.512
ZMB,Zambia,2010,9.89,99.904
ZMB,Zambia,2011,11.58,99.913
ZMB,Zambia,2012,11.55,99.838
ZMB,Zambia,2013,12.29,99.85
ZMB,Zambia,2014,13.28,97.176
ZMB,Zambia,2015,13.12,97.039
ZMB,Zambia,2016,13.16,94.308
ZMB,Zambia,2017,14.25,86.332
ZMB,Zambia,2018,15.21,84.644
ZMB,Zambia,2019,14.01,84.652
ZMB,Zambia,2020,14.02,85.489
ZMB,Zambia,2021,15.59,91.986
ZMB,Zambia,2022,16.43,88.906
ZMB,Zambia,2023,16.09,89.003
ZMB,Zambia,2024,16.6,87.475
ZWE,Zimbabwe,2010,9.37,67.94
ZWE,Zimbabwe,2011,9.77,57.688
ZWE,Zimbabwe,2012,9.7,60.219
ZWE,Zimbabwe,2013,10.07,53.774
ZWE,Zimbabwe,2014,9.76,55.172
ZWE,Zimbabwe,2015,9.49,52.555
ZWE,Zimbabwe,2016,9.02,44.909
ZWE,Zimbabwe,2017,9.77,54.702
ZWE,Zimbabwe,2018,10.45,55.673
ZWE,Zimbabwe,2019,9.59,51.651
ZWE,Zimbabwe,2020,8.69,58.569
ZWE,Zimbabwe,2021,10.31,70.712
ZWE,Zimbabwe,2022,10.85,67.338
ZWE,Zimbabwe,2023,11.99,56.156
ZWE,Zimbabwe,2024,12.1,57.115
